"p_val","avg_log2FC","pct.1","pct.2","p_val_adj","cluster","gene"
0,2.63062945294471,0.196,0.046,0,"0","LINC00987"
0,1.72422465970147,0.134,0.051,0,"0","GPR84-AS1"
0,1.53176106093199,0.479,0.204,0,"0","GZMK"
0,1.37744311380589,0.125,0.053,0,"0","CCL3L3"
6.37390325132615e-28,1.23613211075582,0.264,0.251,5.73721405555118e-23,"0","MT1X"
1.33529274808578e-49,1.2287729312901,0.143,0.113,1.20191035547949e-44,"0","MT1F"
1.2009057400143e-157,1.21787963415217,0.114,0.063,1.08094726564428e-152,"0","MIR142HG"
1.27772893545616e-236,1.21539592491479,0.161,0.089,1.15009659209345e-231,"0","EEIG1"
5.121206781178e-18,1.19866026332617,0.148,0.133,4.60964943580613e-13,"0","MT1E"
2.131222661135e-197,1.1985690717956,0.143,0.08,1.91833482951422e-192,"0","PEBP1P3"
4.47320987421234e-234,1.19766860282097,0.165,0.092,4.02638093987727e-229,"0","LINC00869.1"
5.69999590968477e-139,1.16039053903182,0.126,0.076,5.13062331826636e-134,"0","CASP4LP.1"
0,1.12970769143189,0.271,0.163,0,"0","FAM66A"
8.33214574037498e-138,1.12548646059965,0.128,0.077,7.49984770236892e-133,"0","LINC01145.1"
3.87013501669112e-117,1.11524146836225,0.13,0.083,3.48354722987384e-112,"0","FHIP2A"
3.49436090313548e-114,1.07518275075588,0.123,0.078,3.14530919252128e-109,"0","CARINH"
8.88541389511496e-105,1.07162427937574,0.11,0.068,7.99784990113192e-100,"0","EP300-AS1"
2.4393602115284e-250,1.0538965842699,0.203,0.12,2.19569251999883e-245,"0","CDC42EP3-AS1"
7.53005025158755e-196,1.03561011110419,0.204,0.131,6.77787353195647e-191,"0","ITM2C"
0,1.01776721124735,0.478,0.308,0,"0","H2AZ1"
5.25428431781592e-172,1.01012427960591,0.197,0.13,4.72943385730929e-167,"0","H4C3"
1.17295628791331e-105,0.983295414723049,0.191,0.141,1.05578968431365e-100,"0","CCDC97"
9.95518677363397e-149,0.972649372090047,0.152,0.094,8.96076316681567e-144,"0","TPRG1"
2.66337438649352e-218,0.966819532872472,0.185,0.109,2.39732991902668e-213,"0","C1orf21"
1.93084385177007e-106,0.965124009370048,0.131,0.085,1.73797185941676e-101,"0","DCTN6-DT"
0,0.9345179636432,0.447,0.322,0,"0","TC2N"
1.30198034998117e-74,0.930514969153832,0.12,0.083,1.17192553282155e-69,"0","STAG3L5P-PVRIG2P-PILRB"
2.51662028000244e-104,0.927264224666677,0.152,0.104,2.265235080233e-99,"0","IFT25"
0,0.911083423509781,0.344,0.226,0,"0","AUTS2"
4.28838749693321e-284,0.904074907860194,0.329,0.229,3.86002046986455e-279,"0","ATP5MJ"
4.41230802746934e-54,0.902347298192166,0.1,0.071,3.97156257860543e-49,"0","PRKY.1"
2.78632563716551e-64,0.88670145927135,0.136,0.1,2.50799956926905e-59,"0","SARS1"
9.70850504573309e-84,0.8840961177044,0.139,0.097,8.73872247671482e-79,"0","MIDEAS"
4.36811509223635e-49,0.883173378318172,0.104,0.076,3.93178407567286e-44,"0","TXLNGY.1"
0,0.882356506069822,0.533,0.336,0,"0","AOAH"
5.52679975102206e-64,0.881139613545605,0.113,0.079,4.97472772389247e-59,"0","RABGEF1P1.1"
0,0.879135251291698,0.821,0.516,0,"0","H3-3B"
1.00637746920208e-57,0.877418917906579,0.194,0.157,9.0585042380348e-53,"0","IGHA1"
1.07283295707537e-52,0.875286180701531,0.101,0.072,9.65667672993107e-48,"0","BIRC6-AS2.1"
5.70462998628639e-133,0.874853693922421,0.136,0.083,5.13479449695624e-128,"0","LINC02964"
2.50109183280378e-82,0.858196695009794,0.15,0.108,2.25125776962501e-77,"0","NHERF1"
8.81452637432451e-319,0.856784826104249,0.362,0.252,7.93404333479324e-314,"0","ATP5MK"
5.84885055115922e-191,0.853822212007914,0.222,0.146,5.26460886960392e-186,"0","MIR23AHG"
2.0802209214861e-64,0.852139684636984,0.127,0.092,1.87242765363886e-59,"0","TIPARP-AS1"
7.0018541012512e-59,0.845952922198495,0.111,0.079,6.30243889507722e-54,"0","ZNF767P.1"
1.17033769801525e-35,0.841033433837653,0.131,0.106,1.05343266536051e-30,"0","IFNG-AS1"
3.2525268008921e-69,0.840096527067824,0.116,0.08,2.92763189875099e-64,"0","ARHGAP15-AS1"
5.58702671861449e-39,0.836320310331505,0.107,0.082,5.02893861969209e-34,"0","H1-3"
1.56842468157291e-84,0.829209590240968,0.167,0.122,1.41175474013059e-79,"0","YARS1"
2.17657732940377e-99,0.817271536160521,0.16,0.112,1.95915901996963e-94,"0","IRAG2"
0,2.70660701140696,0.285,0.06,0,"1","ABTB3"
0,1.86320237947489,0.101,0.027,0,"1","CFAP210"
0,1.81763840875362,0.135,0.044,0,"1","MAGI3"
0,1.7795970004885,0.189,0.072,0,"1","TAF4B"
0,1.77416045403397,0.368,0.118,0,"1","MIR23AHG"
0,1.72086099652752,0.19,0.062,0,"1","RASGRF2"
0,1.67978913685085,0.14,0.045,0,"1","PELI2"
2.39954334790692e-282,1.67953103149843,0.12,0.053,2.1598529628845e-277,"1","SEMA4A"
0,1.5693262039035,0.24,0.077,0,"1","NR3C2"
0,1.55708451819881,0.24,0.098,0,"1","LNCRNA-IUR"
2.19132115013425e-240,1.50166081030361,0.147,0.077,1.97243008044734e-235,"1","LINC00910"
0,1.48174402940266,0.315,0.125,0,"1","SSBP2"
0,1.46369484110691,0.182,0.075,0,"1","LINC02964"
0,1.45416768304117,0.488,0.252,0,"1","LMNA"
0,1.43043434686223,0.12,0.046,0,"1","NCMAP-DT"
0,1.41837059916384,0.554,0.26,0,"1","BACH2"
0,1.38601299060935,0.163,0.072,0,"1","CMTM8"
0,1.36603268512823,0.195,0.079,0,"1","TIPARP-AS1"
0,1.363695590346,0.192,0.073,0,"1","DCTN6-DT"
9.58361128035228e-260,1.35547864262764,0.105,0.045,8.62630434955789e-255,"1","SCML1"
4.64455040159102e-304,1.35463892007631,0.128,0.056,4.18060626197609e-299,"1","POLR1F"
8.32980619561482e-235,1.34200896357388,0.127,0.062,7.49774185473486e-230,"1","SPDYA"
0,1.33847018732653,0.225,0.091,0,"1","CCR7"
9.78249978765668e-322,1.33521656305284,0.133,0.057,8.80532588386766e-317,"1","SVIL"
0,1.31327938752428,0.529,0.251,0,"1","ANK3"
0,1.29787161190298,0.182,0.078,0,"1","TANC2"
0,1.29558823877826,0.271,0.103,0,"1","PLAC8"
0,1.29556279484931,0.362,0.146,0,"1","FAM66A"
0,1.2887420601062,0.933,0.689,0,"1","LINC-PINT"
0,1.28723216034002,0.174,0.069,0,"1","ARHGAP15-AS1"
9.80860271466357e-247,1.27691923012743,0.101,0.043,8.82882138949582e-242,"1","EMP1"
0,1.26527631957092,0.911,0.5,0,"1","H3-3B"
0,1.26281427003747,0.391,0.186,0,"1","MYADM"
1.90593850966929e-284,1.24859535086886,0.142,0.068,1.71555431193843e-279,"1","EPB41L2"
0,1.24811050641794,0.197,0.082,0,"1","GP6-AS1"
0,1.24453074151159,0.121,0.049,0,"1","RAB33B-AS1"
8.11552382941908e-261,1.24293422134058,0.119,0.054,7.30486415409841e-256,"1","PABIR3"
0,1.23200662627894,0.133,0.052,0,"1","GPR84-AS1"
0,1.22532077101981,0.176,0.074,0,"1","PEBP1P3"
3.05524627119608e-269,1.21468314137019,0.142,0.069,2.7500577211663e-264,"1","PHLDB3"
0,1.20676495098912,0.223,0.099,0,"1","KCNA3"
1.27618014825838e-246,1.19306219625546,0.112,0.051,1.14870251324885e-241,"1","LINC00881"
0,1.1755902127482,0.5,0.29,0,"1","CAMK1D"
0,1.17392365047626,0.164,0.077,0,"1","PRKCA-AS1"
1.07275664920248e-231,1.16308168558091,0.149,0.078,9.65598987513643e-227,"1","HOMER1"
0,1.15730475362,0.291,0.146,0,"1","SKIC8"
4.08495520006111e-127,1.14800066832038,0.201,0.137,3.67690902512701e-122,"1","FILIP1L"
0,1.11042408162374,0.199,0.086,0,"1","LINC00869.1"
6.38857857951558e-237,1.10970268869676,0.1,0.043,5.75042346520777e-232,"1","MTND1P23"
0,1.09369538046546,0.258,0.118,0,"1","H4C3"
0,4.14582902445847,0.448,0.034,0,"2","PELO-AS1"
0,3.80145561305708,0.283,0.026,0,"2","LINC02937"
0,3.42501843412134,0.275,0.027,0,"2","CCL3-AS1"
0,3.33547708019064,0.102,0.012,0,"2","ITGA9"
0,2.72210092796448,0.264,0.043,0,"2","KIR2DL4"
0,2.61432414806083,0.198,0.033,0,"2","AFAP1L2"
0,2.60452102803732,0.124,0.019,0,"2","TTC24"
0,2.46681121897639,0.217,0.044,0,"2","NHS"
0,2.41454845402554,0.174,0.032,0,"2","KLRK1-AS1"
0,2.40214206084784,0.139,0.032,0,"2","PIP5K1B"
0,2.38460930861564,0.166,0.033,0,"2","JUN-DT"
0,2.35914087806571,0.149,0.032,0,"2","DPF3"
0,2.35241223135783,0.186,0.036,0,"2","ETV1"
0,2.35152736775891,0.537,0.126,0,"2","ATP8B4"
0,2.31878144615383,0.206,0.048,0,"2","LRRN3"
0,2.25543307140349,0.274,0.066,0,"2","CARS1"
0,2.1927045196898,0.178,0.054,0,"2","ADAMTS6"
0,2.16978029572553,0.101,0.023,0,"2","PHEX"
0,2.16873406319926,0.329,0.08,0,"2","KLRC4"
0,2.15404646178998,0.321,0.08,0,"2","GOLIM4"
0,2.14963916836049,0.167,0.036,0,"2","RYR2"
0,2.13574069569478,0.1,0.022,0,"2","TARP"
0,2.09465000457701,0.398,0.121,0,"2","MYO1E"
0,2.03156128320938,0.173,0.048,0,"2","CD109"
0,2.02474924411925,0.447,0.168,0,"2","PLPP1"
0,2.01083822180939,0.319,0.083,0,"2","CHN2"
0,1.99735712596362,0.344,0.099,0,"2","LINC02195"
0,1.91603334662696,0.185,0.053,0,"2","LINC02416"
0,1.90232712082587,0.817,0.375,0,"2","LINC01871"
0,1.8833624228911,0.174,0.047,0,"2","CCL3L3"
0,1.88317607844908,0.156,0.049,0,"2","LINC01480"
0,1.88006171717201,0.113,0.032,0,"2","KRT86"
0,1.84766564664051,0.218,0.062,0,"2","ADGRG5"
0,1.80823948931865,0.103,0.028,0,"2","HLA-DRB6.1"
0,1.80474008456067,0.514,0.194,0,"2","LAG3"
0,1.80067799713483,0.721,0.287,0,"2","GZMB"
0,1.7702077506635,0.285,0.084,0,"2","CLNK"
0,1.76501687592349,0.541,0.197,0,"2","HOPX"
0,1.76181850299532,0.231,0.081,0,"2","SNAP47"
0,1.75295256371859,0.448,0.155,0,"2","ENTPD1"
0,1.75199535272562,0.465,0.167,0,"2","HAVCR2"
0,1.74898587877364,0.47,0.122,0,"2","CXCL13"
0,1.74212421394126,0.103,0.032,0,"2","ELAPOR1"
0,1.72988519716079,0.203,0.07,0,"2","BFSP2-AS1"
0,1.7178193363088,0.225,0.067,0,"2","ZNF683"
0,1.71496228652711,0.416,0.145,0,"2","SRGAP3"
0,1.68530093288292,0.23,0.071,0,"2","KLRC2"
0,1.68472275511224,0.201,0.065,0,"2","NBL1"
0,1.66663264003387,0.245,0.083,0,"2","ZC3H12C"
0,1.66395569791192,0.26,0.091,0,"2","TNFSF4"
0,5.41691149284554,0.205,0.007,0,"3","IL1R1-AS1"
0,4.71238896352637,0.143,0.006,0,"3","SOCAR"
0,3.89594412593855,0.11,0.009,0,"3","GNG8"
0,3.58126453902747,0.279,0.029,0,"3","IL1R2"
0,3.55070790938133,0.162,0.018,0,"3","HERC2P3"
0,3.54233549760085,0.127,0.016,0,"3","MITA1"
0,3.35596146887012,0.151,0.019,0,"3","LINC01727"
0,3.2126335491884,0.43,0.055,0,"3","FOXP3"
0,3.20890682895123,0.549,0.099,0,"3","IL2RA"
0,3.12656681712001,0.358,0.056,0,"3","IL1R1"
0,3.11051343958921,0.375,0.072,0,"3","TET2-AS1"
0,3.10068781290622,0.138,0.019,0,"3","LINC00519"
0,3.07005119669973,0.245,0.029,0,"3","LINC02099"
0,3.03092405718888,0.145,0.021,0,"3","CCR8"
0,2.87615878761739,0.545,0.137,0,"3","TNFRSF4"
0,2.81733120874546,0.175,0.031,0,"3","FANK1"
0,2.68050381850667,0.183,0.043,0,"3","GK-AS1"
0,2.62668058617395,0.115,0.021,0,"3","ADTRP"
0,2.61951564071081,0.138,0.029,0,"3","FLVCR2"
0,2.58532822767995,0.446,0.077,0,"3","RTKN2"
0,2.55227538264367,0.311,0.063,0,"3","F5"
0,2.51216062965819,0.136,0.033,0,"3","CABLES1"
0,2.45725257295976,0.234,0.053,0,"3","COX10-DT"
0,2.33986389263998,0.108,0.026,0,"3","FIRRM"
0,2.28999008615372,0.28,0.078,0,"3","MAGEH1"
0,2.27708184869209,0.176,0.049,0,"3","PHACTR2-AS1"
0,2.2759197859961,0.316,0.096,0,"3","CADM1"
0,2.2113159808022,0.112,0.03,0,"3","HACD1"
0,2.16496992399057,0.113,0.029,0,"3","TXNDC11-AS1"
0,2.15593354346604,0.667,0.181,0,"3","IKZF2"
0,2.13266160481608,0.281,0.077,0,"3","STING1"
0,2.10060668488691,0.419,0.115,0,"3","MARCHF3"
0,2.06200026051459,0.196,0.063,0,"3","ZC2HC1A"
0,2.05882033406385,0.564,0.198,0,"3","TNFRSF18"
0,2.03651631784111,0.24,0.072,0,"3","PCBP3"
0,2.0125247587616,0.14,0.041,0,"3","CTTNBP2NL"
0,1.99243943259903,0.139,0.04,0,"3","MAP3K5-AS2"
0,1.92692955404853,0.346,0.111,0,"3","LAIR2"
0,1.92305424731377,0.441,0.15,0,"3","GK"
0,1.8972850274421,0.139,0.043,0,"3","PIK3IP1-DT"
0,1.88902677431077,0.608,0.23,0,"3","TBC1D4"
0,1.879082258528,0.176,0.053,0,"3","LAPTM4B"
0,1.87524538494149,0.305,0.092,0,"3","ICA1"
0,1.87283566355148,0.156,0.049,0,"3","ADAM12"
0,1.86505998479861,0.387,0.136,0,"3","LINC01943"
7.22850812598972e-174,1.86078091701765,0.1,0.042,6.50645244928461e-169,"3","TMEM241"
0,1.83657560621802,0.407,0.179,0,"3","CRADD"
4.46170792081339e-300,1.79472216511695,0.112,0.037,4.01602791660334e-295,"3","SLC16A10"
0,1.79341443765766,0.222,0.073,0,"3","CCR4"
0,1.7895726596141,0.444,0.169,0,"3","IL12RB2"
0,3.60865731227949,0.112,0.011,0,"4","WDR63"
0,3.2735615540445,0.271,0.034,0,"4","AC243829.1"
0,3.09558951740091,0.219,0.032,0,"4","CCL3L1"
0,2.84538031843101,0.115,0.019,0,"4","AC015849.1"
0,2.52165908748684,0.222,0.046,0,"4","AC006369.1"
0,2.50887379660362,0.1,0.022,0,"4","MPP6"
0,2.49875752596843,0.757,0.207,0,"4","GZMK"
0,2.48060913947209,0.307,0.068,0,"4","AC016074.2"
0,2.42745697077334,0.29,0.066,0,"4","AC020916.1"
0,2.41935185476338,0.299,0.067,0,"4","AF165147.1"
0,2.4130980992287,0.3,0.07,0,"4","FAM102A"
0,2.38864677065545,0.138,0.034,0,"4","HIST1H3D"
0,2.35829881014844,0.102,0.024,0,"4","AC022706.1"
0,2.31048423996435,0.469,0.114,0,"4","LIME1"
0,2.27544911193774,0.111,0.024,0,"4","AC022075.1"
0,2.27379564150247,0.36,0.098,0,"4","WDR61"
0,2.2726665766687,0.13,0.033,0,"4","TRGC1"
0,2.26176963406572,0.178,0.047,0,"4","NCF1"
0,2.25311470148716,0.116,0.03,0,"4","AL360091.3"
0,2.24417335304979,0.199,0.053,0,"4","AL157402.2"
0,2.24008263331224,0.437,0.11,0,"4","C5orf56"
0,2.22663979958041,0.126,0.033,0,"4","AL035530.2"
0,2.22215437185144,0.163,0.043,0,"4","HIST2H2AC"
0,2.22081304988229,0.249,0.069,0,"4","A2M"
0,2.21729689048767,0.486,0.119,0,"4","KLRK1"
0,2.21698498042944,0.117,0.03,0,"4","AC008569.1"
0,2.21674118014879,0.232,0.067,0,"4","ADAMTSL4-AS1"
0,2.21066407532476,0.171,0.045,0,"4","H2AFX"
0,2.1891689594251,0.108,0.031,0,"4","AC006059.1"
0,2.17643065952124,0.943,0.28,0,"4","H3F3B"
0,2.17462242350649,0.313,0.082,0,"4","AC245297.3"
0,2.16668704134416,0.16,0.041,0,"4","PZP"
0,2.16415877689692,0.123,0.033,0,"4","AC044849.1"
0,2.1374629965597,0.227,0.059,0,"4","AC068587.4"
0,2.13221094849999,0.108,0.03,0,"4","AARS"
0,2.12335129575496,0.351,0.093,0,"4","P2RY8"
0,2.11791735827042,0.148,0.04,0,"4","AL499604.1"
0,2.11677877909129,0.35,0.096,0,"4","PRKY"
0,2.10343432160992,0.112,0.031,0,"4","CASTOR3"
0,2.10038781631403,0.346,0.103,0,"4","HIST1H4C"
0,2.09809812519138,0.164,0.048,0,"4","ELMSAN1"
1.15309902422367e-282,2.08285932911375,0.102,0.031,1.03791596269397e-277,"4","CHI3L2"
0,2.07453999218424,0.138,0.039,0,"4","AGAP1"
0,2.07228185083727,0.232,0.069,0,"4","FAM160B1"
8.89318162514244e-323,2.07105312296079,0.106,0.03,8.00484171260696e-318,"4","ENC1"
0,2.06911136399173,0.129,0.038,0,"4","HIST3H2A"
0,2.0665482674532,0.344,0.108,0,"4","SLC35F1"
0,2.06448750765924,0.158,0.045,0,"4","AC008875.3"
0,2.06324199966277,0.163,0.045,0,"4","AC053513.1"
0,2.05862504969806,0.234,0.067,0,"4","YARS"
0,6.46660090353683,0.301,0.004,0,"5","AC104850.2"
0,5.91194053907746,0.169,0.003,0,"5","LINC00884"
0,5.24113915350454,0.161,0.004,0,"5","AC017002.3"
0,5.18476538385526,0.372,0.011,0,"5","AC093865.1"
0,4.82782465597872,0.12,0.004,0,"5","AC012368.1"
0,4.49554740733042,0.663,0.054,0,"5","AL136456.1"
0,4.16032811227999,0.39,0.027,0,"5","AC013652.1"
0,4.05968748607707,0.167,0.011,0,"5","AC133644.2"
0,4.02716746270775,0.145,0.011,0,"5","AC083837.1"
0,3.74585498916286,0.32,0.021,0,"5","FANK1"
0,3.69453429275367,0.303,0.028,0,"5","LINC02099"
0,3.63062287474259,0.116,0.008,0,"5","METTL7A"
0,3.62460319792381,0.222,0.016,0,"5","CCR8"
0,3.61194328761436,0.148,0.011,0,"5","AL121935.1"
0,3.56500203957457,0.615,0.07,0,"5","RTKN2"
0,3.51879514847956,0.268,0.047,0,"5","DLGAP1"
0,3.45567625254611,0.338,0.032,0,"5","AC017002.5"
0,3.37237067187676,0.102,0.009,0,"5","AC092640.1"
0,3.36382852175174,0.329,0.034,0,"5","COX10-AS1"
0,3.32419314145448,0.105,0.01,0,"5","AC104461.1"
0,3.3223700032088,0.353,0.045,0,"5","AC104365.1"
0,3.31712360744222,0.557,0.051,0,"5","FOXP3"
0,3.26344001448577,0.168,0.018,0,"5","LINC00519"
0,3.22635268467457,0.125,0.011,0,"5","AL683807.1"
0,3.1973264921251,0.326,0.035,0,"5","CCR6"
0,3.19465996367688,0.494,0.08,0,"5","LY75"
0,3.17932110637386,0.485,0.055,0,"5","MARCH3"
0,3.15273868693543,0.137,0.015,0,"5","TNFRSF8"
0,3.0459261086991,0.204,0.023,0,"5","C1orf112"
0,2.97039178622561,0.287,0.032,0,"5","IL1R2"
0,2.96626548008585,0.123,0.015,0,"5","MYO5C"
0,2.96256238031587,0.17,0.021,0,"5","AL137009.1"
0,2.94255260961067,0.36,0.05,0,"5","AC008105.3"
0,2.88329493218402,0.131,0.018,0,"5","AL365295.1"
0,2.88318351202637,0.401,0.059,0,"5","AF165147.1"
0,2.87162150901195,0.202,0.027,0,"5","PIK3IP1-AS1"
0,2.86453352528616,0.129,0.016,0,"5","CLEC7A"
0,2.8550649719833,0.854,0.174,0,"5","IKZF2"
0,2.82764961250248,0.494,0.081,0,"5","ICA1"
0,2.78147464035864,0.151,0.022,0,"5","CEP55"
0,2.76055316037661,0.138,0.018,0,"5","AL162253.2"
0,2.73995105340517,0.114,0.015,0,"5","EBI3"
0,2.72287330365957,0.121,0.02,0,"5","TSHR"
0,2.70452488434231,0.616,0.137,0,"5","TNFRSF4"
0,2.69332238280138,0.143,0.019,0,"5","COQ8A"
0,2.69062714985269,0.276,0.046,0,"5","IKZF4"
0,2.67763390251217,0.4,0.058,0,"5","IL1R1"
0,2.65516303158442,0.343,0.049,0,"5","TMEM173"
0,2.65338629145589,0.123,0.017,0,"5","Z94721.1"
0,2.637064576346,0.143,0.021,0,"5","EPHX2"
0,4.71941513240992,0.334,0.015,0,"6","AC022126.1"
0,4.27123353320192,0.126,0.007,0,"6","AL355076.2"
0,4.10855827784055,0.269,0.015,0,"6","AC243829.4"
0,3.89908440730596,0.297,0.024,0,"6","AL138720.1"
0,3.68055410496704,0.224,0.018,0,"6","AL096794.1"
0,3.55243068169691,0.151,0.012,0,"6","AL133405.2"
0,3.28124921084817,0.194,0.019,0,"6","AC022075.1"
0,3.1726106044577,0.114,0.012,0,"6","AC024028.1"
0,3.10031266997211,0.108,0.014,0,"6","AC006460.1"
0,3.09621815213888,0.119,0.012,0,"6","AL360178.1"
0,3.05895104129826,0.105,0.013,0,"6","AL122035.1"
0,3.04095728306806,0.114,0.015,0,"6","LINC01358"
0,3.03463339502381,0.299,0.033,0,"6","AC243829.1"
0,2.96375882651491,0.244,0.031,0,"6","CCL3L1"
0,2.94724267642687,0.27,0.041,0,"6","CARS"
0,2.9466389777918,0.111,0.013,0,"6","CLECL1"
0,2.91646933010026,0.162,0.023,0,"6","AC006460.2"
0,2.85330960609258,0.692,0.106,0,"6","KLRK1"
0,2.75539305049983,0.191,0.044,0,"6","RYR2"
0,2.73680610810808,0.281,0.044,0,"6","LRMP"
0,2.69225372998754,0.116,0.011,0,"6","AC243829.2"
0,2.68612170526423,0.122,0.018,0,"6","AC018926.2"
0,2.6778556854474,0.118,0.024,0,"6","SPRY2"
0,2.65023034274025,0.127,0.022,0,"6","FBXO10"
0,2.62352184584406,0.132,0.019,0,"6","AC015849.1"
0,2.62198493150118,0.324,0.058,0,"6","AL137856.1"
0,2.61055881346503,0.12,0.02,0,"6","AP002762.2"
0,2.59698862886282,0.245,0.043,0,"6","ETV1"
0,2.58428253520194,0.113,0.017,0,"6","AC104078.2"
0,2.54298095042926,0.117,0.021,0,"6","LINC00158"
0,2.53903865145362,0.265,0.056,0,"6","VCAM1"
0,2.43972799055276,0.122,0.023,0,"6","TMEFF2"
0,2.4325927912334,0.206,0.044,0,"6","KLRC3"
0,2.41092472797183,0.131,0.022,0,"6","AC022706.1"
0,2.40375221738458,0.116,0.022,0,"6","AL109930.1"
0,2.40349109746573,0.103,0.017,0,"6","FAM49A"
0,2.39154162540351,0.12,0.023,0,"6","AC008083.3"
0,2.38482826510734,0.113,0.022,0,"6","AL359220.1"
0,2.31302489471698,0.123,0.03,0,"6","TRGV10"
0,2.31046013528067,0.245,0.06,0,"6","MYO7A"
0,2.27765099356477,0.135,0.03,0,"6","MIR99AHG"
0,2.26147564099967,0.223,0.048,0,"6","AL390957.1"
0,2.23814602106478,0.138,0.034,0,"6","CNTNAP2"
0,2.23474341134461,0.312,0.066,0,"6","FAM102B"
0,2.22474971541581,0.293,0.065,0,"6","AL645568.1"
0,2.20720097627925,0.254,0.065,0,"6","ST6GALNAC3"
0,2.20407075787805,0.231,0.055,0,"6","DRAIC"
0,2.19067243820622,0.106,0.024,0,"6","HIST1H2BH"
0,2.17541783992308,0.265,0.062,0,"6","AC243960.1"
0,2.15874088513093,0.291,0.064,0,"6","YARS"
0,3.74504097962551,0.301,0.031,0,"7","BTBD11"
0,3.39639968733996,0.111,0.01,0,"7","GRASP"
0,3.32527271269682,0.125,0.015,0,"7","AC119396.1"
0,3.22647442075127,0.105,0.012,0,"7","AC137810.1"
0,3.20118793333845,0.121,0.015,0,"7","AL121935.1"
0,3.19683249423955,0.142,0.02,0,"7","AC139720.1"
0,3.17660024522464,0.113,0.014,0,"7","AC020911.2"
0,3.14024218418134,0.109,0.014,0,"7","KIAA1324L"
0,3.05335197255415,0.279,0.042,0,"7","CCR6"
0,2.75371486322344,0.148,0.027,0,"7","FMN1"
0,2.70048567417937,0.472,0.089,0,"7","P2RY8"
0,2.67365163587029,0.118,0.019,0,"7","AL365361.1"
0,2.58715009744652,0.306,0.064,0,"7","AC022217.3"
0,2.58714831270059,0.109,0.02,0,"7","AL691403.1"
0,2.58559718323672,0.256,0.046,0,"7","AC006369.1"
0,2.5550794042622,0.203,0.038,0,"7","AL499604.1"
0,2.54016018743857,0.291,0.066,0,"7","AP000787.1"
0,2.52244031916159,0.289,0.066,0,"7","ADAMTSL4-AS1"
0,2.51511743843212,0.102,0.02,0,"7","Z94721.1"
0,2.50885029596107,0.129,0.024,0,"7","RCAN3AS"
0,2.48551733233651,0.316,0.068,0,"7","AC020916.1"
0,2.45916987310863,0.283,0.057,0,"7","AC058791.1"
0,2.44566261415673,0.383,0.084,0,"7","AC016831.7"
0,2.41741294100203,0.215,0.043,0,"7","AC016831.5"
0,2.40842859972695,0.473,0.111,0,"7","AC079793.1"
0,2.39653547507233,0.308,0.071,0,"7","AC016074.2"
0,2.36285226174874,0.13,0.028,0,"7","AC097376.3"
0,2.33828192125926,0.284,0.058,0,"7","AC068587.4"
0,2.33793242783399,0.286,0.065,0,"7","CD40LG"
0,2.31345196725941,0.186,0.041,0,"7","AL031772.1"
0,2.31151830136828,0.132,0.031,0,"7","AC073167.1"
0,2.28949740356248,0.469,0.123,0,"7","AP001011.1"
0,2.28116918455313,0.155,0.033,0,"7","AC026979.2"
0,2.27419654350961,0.909,0.428,0,"7","IL7R"
0,2.2740915436731,0.202,0.045,0,"7","KIAA0355"
0,2.26242896873331,0.134,0.03,0,"7","AC092338.3"
0,2.25329209334695,0.103,0.023,0,"7","AP003086.1"
0,2.21610996358975,0.205,0.047,0,"7","NCF1"
0,2.20755986958173,0.31,0.08,0,"7","PRORP"
0,2.18761683141398,0.101,0.023,0,"7","AC067945.4"
0,2.15772312386171,0.266,0.066,0,"7","AC010609.1"
0,2.14696649572357,0.236,0.064,0,"7","DPP4"
0,2.14231853457857,0.15,0.042,0,"7","FRY"
0,2.11000717145693,0.847,0.316,0,"7","EEF1G"
0,2.10422260401725,0.327,0.098,0,"7","CCR7"
0,2.09476962156087,0.17,0.039,0,"7","AC018816.1"
0,2.09353510852066,0.382,0.098,0,"7","PRKY"
0,2.0934559292572,0.128,0.031,0,"7","AC008569.1"
0,2.07649559709719,0.301,0.074,0,"7","FAM102A"
0,2.06779404726251,0.103,0.023,0,"7","AL137779.2"
0,6.38119092501665,0.22,0.004,0,"8","ADGRG3"
0,5.78307197612503,0.158,0.003,0,"8","CCNJL"
0,5.23231158534774,0.153,0.005,0,"8","B3GNT7"
0,5.07984790474429,0.266,0.011,0,"8","LDB2"
0,5.07968238350598,0.277,0.011,0,"8","LINC00996"
0,5.04613317448433,0.111,0.005,0,"8","RASSF8"
0,4.94135589389815,0.351,0.011,0,"8","SH2D1B"
0,4.80831591979766,0.171,0.007,0,"8","PPP1R9A"
0,4.79390541699124,0.607,0.034,0,"8","FCER1G"
0,4.75161542859318,0.172,0.009,0,"8","GAB1"
0,4.40473428912258,0.184,0.012,0,"8","PLXNA4"
0,4.397839674489,0.805,0.06,0,"8","TYROBP"
0,4.39776588912912,0.205,0.009,0,"8","SYK"
0,4.20218083936339,0.635,0.037,0,"8","TRDC"
0,4.17835215448847,0.124,0.009,0,"8","BCO2"
0,4.16005741627589,0.281,0.021,0,"8","KRT81"
0,3.95287339759119,0.459,0.039,0,"8","NCAM1"
0,3.82490561863919,0.348,0.024,0,"8","KLRF1"
0,3.75153117968779,0.122,0.01,0,"8","FES"
0,3.5580360175356,0.177,0.018,0,"8","IGFBP2"
0,3.43000679536049,0.156,0.017,0,"8","PRKAR2B"
0,3.41935931944792,0.608,0.087,0,"8","KLRC1"
0,3.40208878420197,0.232,0.025,0,"8","TLE1"
0,3.39546379404066,0.161,0.017,0,"8","L3MBTL4"
0,3.39019416641171,0.151,0.014,0,"8","LINGO2"
0,3.32575200494494,0.292,0.036,0,"8","TMIGD2"
0,3.26717527211413,0.436,0.063,0,"8","ZBTB16"
0,3.266634298817,0.404,0.067,0,"8","XCL1"
0,3.26647893813759,0.413,0.055,0,"8","LAT2"
0,3.25367260096089,0.139,0.02,0,"8","ITGAX"
0,3.23411292513678,0.156,0.017,0,"8","CXXC5"
0,3.16655992330647,0.209,0.028,0,"8","SPECC1"
0,3.14535362290354,0.271,0.031,0,"8","KRT86"
0,3.13807296531752,0.666,0.123,0,"8","TXK"
0,3.12921676924485,0.215,0.026,0,"8","CTBP2"
0,3.12803613662935,0.196,0.024,0,"8","WIPF3"
0,3.12237169842791,0.198,0.026,0,"8","IRF8"
0,3.09248436399948,0.126,0.017,0,"8","STAP1"
0,3.07225222554269,0.13,0.015,0,"8","FGR"
0,3.00590838549334,0.747,0.194,0,"8","GNLY"
0,2.98941211307837,0.311,0.042,0,"8","NCR1"
0,2.95377646820351,0.276,0.043,0,"8","KLRC3"
0,2.94158352246933,0.405,0.061,0,"8","LYN"
0,2.93329534731829,0.193,0.036,0,"8","TTTY14"
0,2.91948613512177,0.573,0.099,0,"8","PLCG2"
0,2.88918935984097,0.142,0.025,0,"8","LRMDA"
0,2.88407384013521,0.152,0.024,0,"8","TCF4"
0,2.82882448291948,0.273,0.037,0,"8","ADAM28"
0,2.81741397816941,0.312,0.06,0,"8","RNF130"
0,2.81323122036326,0.551,0.183,0,"8","AREG"
0,5.28264978901823,0.137,0.004,0,"9","IL17A"
0,3.84165090551826,0.117,0.007,0,"9","COL5A3"
0,3.81167434254949,0.523,0.061,0,"9","PTPN13"
0,3.74863933345891,0.187,0.015,0,"9","IL26"
0,3.6061309965549,0.164,0.014,0,"9","NTRK2"
0,3.50971635817446,0.14,0.011,0,"9","LINC03062"
0,3.4882026266387,0.113,0.01,0,"9","SORD2P.1"
0,3.27853676722457,0.157,0.017,0,"9","PDE7B-AS1"
0,3.21206500433883,0.128,0.021,0,"9","RNF144B"
0,2.89141893598962,0.168,0.029,0,"9","GNG4"
0,2.87658575594532,0.128,0.015,0,"9","IL21"
0,2.80059288185215,0.131,0.023,0,"9","LHFPL6"
0,2.58670850042351,0.184,0.027,0,"9","HLF"
0,2.53090266349827,0.101,0.014,0,"9","IL21-AS1"
0,2.39762484907776,0.35,0.064,0,"9","CD40LG"
0,2.39574788232524,0.184,0.044,0,"9","CPM"
0,2.37601341532988,0.391,0.095,0,"9","PPARG"
9.20938363848084e-321,2.33058148452832,0.103,0.022,8.28945830683298e-316,"9","CSF2"
0,2.32448276044042,0.122,0.023,0,"9","IL23R"
0,2.27424407623185,0.407,0.158,0,"9","CXCL13"
2.40879494979534e-276,2.25179332708357,0.105,0.026,2.16818042226028e-271,"9","TP63"
0,2.24798014114622,0.286,0.066,0,"9","CTSH"
0,2.16172638244488,0.153,0.036,0,"9","ELAPOR1"
0,2.11359433001442,0.337,0.088,0,"9","CCL20"
0,2.05631767646102,0.193,0.06,0,"9","NMB"
0,2.05489128264592,0.402,0.159,0,"9","MAP3K4"
0,2.05342345715486,0.312,0.082,0,"9","CHN1"
1.75581839724096e-317,2.02743114170707,0.101,0.022,1.58042969754056e-312,"9","MCAM"
0,1.9969228892261,0.311,0.081,0,"9","FURIN"
0,1.98014152454258,0.156,0.04,0,"9","CD200"
2.15635542094469e-111,1.96272327656003,0.112,0.048,1.94095707794653e-106,"9","G0S2"
0,1.93287150968542,0.121,0.028,0,"9","LRP12"
0,1.9089769696436,0.172,0.048,0,"9","LINC02384"
0,1.90172433464531,0.368,0.117,0,"9","GAB2"
4.20801624301754e-210,1.88682187567169,0.125,0.041,3.78767750050251e-205,"9","SOX5"
0,1.87222153275113,0.27,0.074,0,"9","TBXAS1"
0,1.86301210232614,0.213,0.051,0,"9","SMCO4"
0,1.85496811289788,0.351,0.124,0,"9","PDE7B"
0,1.84692615996364,0.32,0.083,0,"9","STING1"
1.52887028056037e-314,1.82734122577323,0.168,0.052,1.3761514282352e-309,"9","ADAM12"
0,1.80575028335771,0.226,0.052,0,"9","LINC00892"
0,1.78709595196531,0.23,0.063,0,"9","SH3TC1"
0,1.75973212718597,0.694,0.272,0,"9","KLRB1"
0,1.70748609565816,0.422,0.147,0,"9","MFHAS1"
9.35154572435982e-222,1.69750083410796,0.11,0.032,8.41741982195352e-217,"9","BCAT1"
0,1.66188540368621,0.192,0.059,0,"9","CD109"
0,1.64915225234196,0.521,0.209,0,"9","TSHZ2"
2.40070006417e-193,1.609922058431,0.125,0.043,2.16089413476006e-188,"9","NEK10"
0,1.57957507648059,0.191,0.058,0,"9","CHRM3-AS2"
5.80387313285692e-317,1.57220159076819,0.195,0.065,5.22412424561584e-312,"9","BTLA"
0,6.95153328555232,0.615,0.009,0,"10","FGFBP2"
0,5.28079173988334,0.236,0.009,0,"10","CX3CR1"
0,5.01051107409712,0.135,0.01,0,"10","MYOM2"
0,4.9576223591299,0.494,0.027,0,"10","FCGR3A"
0,4.90829356074061,0.205,0.007,0,"10","S1PR5"
0,4.71147457172152,0.127,0.021,0,"10","PTGDS"
0,4.37646579493875,0.176,0.015,0,"10","LINGO2"
0,4.37628739731379,0.414,0.026,0,"10","KLRF1"
0,4.3514703392071,0.17,0.013,0,"10","BNC2"
0,4.11637800139185,0.108,0.007,0,"10","SLCO4C1"
0,4.0252590304244,0.233,0.019,0,"10","SGCD"
0,3.92161364565056,0.219,0.018,0,"10","PRSS23"
0,3.8791412739348,0.146,0.012,0,"10","LILRB1"
0,3.87145343895795,0.128,0.01,0,"10","ITGAM"
0,3.66019969894711,0.109,0.019,0,"10","GNAL"
0,3.57665669050658,0.329,0.038,0,"10","RAP1GAP2"
0,3.49202037390412,0.184,0.021,0,"10","OSBPL5"
0,3.36713440202271,0.147,0.016,0,"10","FGR"
0,3.29032929709706,0.103,0.012,0,"10","EPB41L4A"
0,3.27260238924003,0.105,0.017,0,"10","LINC01505"
0,3.21733659319936,0.217,0.028,0,"10","CTBP2"
0,3.05047677323454,0.166,0.023,0,"10","SH2D1B"
0,2.99847349185764,0.6,0.102,0,"10","C1orf21"
0,2.97199986624461,0.486,0.082,0,"10","TYROBP"
0,2.96969866099278,0.215,0.033,0,"10","CD300A"
0,2.9434472760115,0.44,0.078,0,"10","PLEK"
0,2.93281962666328,0.311,0.05,0,"10","PDGFD"
0,2.93036563640488,0.375,0.067,0,"10","LYN"
0,2.86297844602882,0.247,0.046,0,"10","LINC02384"
0,2.82427371803239,0.538,0.113,0,"10","PLAC8"
0,2.79640359359544,0.225,0.044,0,"10","TTC38"
0,2.71680133386078,0.87,0.196,0,"10","GNLY"
0,2.66688421054419,0.263,0.05,0,"10","FCRL6"
0,2.63846357839894,0.365,0.104,0,"10","SPON2"
0,2.6238628522968,0.218,0.048,0,"10","PPM1L"
0,2.58958729582985,0.254,0.06,0,"10","GK5"
0,2.56267152039287,0.2,0.045,0,"10","GSAP"
0,2.46414968739665,0.155,0.032,0,"10","PTGDR"
0,2.40036500560253,0.354,0.056,0,"10","TRDC"
0,2.37223506083789,0.233,0.064,0,"10","LINC00987"
0,2.36507253704949,0.139,0.029,0,"10","TMCC3"
0,2.35904018647569,0.343,0.094,0,"10","PTPN12"
0,2.35141408769054,0.198,0.044,0,"10","PZP"
0,2.35112016682973,0.249,0.064,0,"10","SLC15A4"
3.25342639871335e-258,2.31452437539989,0.115,0.028,2.92844163574588e-253,"10","AKR1C3"
0,2.30780092770119,0.145,0.035,0,"10","SYNGR1"
3.2500906259459e-232,2.26442183708383,0.104,0.025,2.92543907332017e-227,"10","COL6A2"
1.00150772078811e-296,2.26049040758743,0.111,0.024,9.01467114558587e-292,"10","CYRIA"
0,2.24230937650286,0.255,0.061,0,"10","ADGRG1"
0,2.23354674717567,0.19,0.041,0,"10","ST8SIA6"
0,7.92544470561655,0.141,0.001,0,"11","AC053545.1"
0,5.69951706050651,0.239,0.006,0,"11","AL138828.1"
0,5.20128917190415,0.117,0.004,0,"11","IGFL2"
0,4.9705297210734,0.363,0.013,0,"11","AL133405.2"
0,4.64996468720753,0.149,0.008,0,"11","HSD11B1"
0,4.48121651998605,0.252,0.014,0,"11","AL360178.1"
0,4.40027285001468,0.233,0.015,0,"11","IL21"
0,4.37401021137416,0.174,0.009,0,"11","AL359834.1"
0,4.3266650913508,0.165,0.009,0,"11","AL606807.1"
0,4.08444657651556,0.141,0.009,0,"11","LINC00271"
0,4.004599981532,0.148,0.013,0,"11","HSPA12A"
0,3.95690215899622,0.22,0.017,0,"11","KIAA1324"
0,3.89326182832001,0.257,0.022,0,"11","LHFPL6"
0,3.83480783360019,0.203,0.014,0,"11","AC004585.1"
0,3.78530771090655,0.16,0.014,0,"11","ANKRD55"
0,3.75151863805516,0.256,0.021,0,"11","AP003086.1"
0,3.63399796545615,0.146,0.015,0,"11","IL21-AS1"
0,3.61105906889957,0.374,0.035,0,"11","AL138720.1"
0,3.60833626927773,0.254,0.022,0,"11","AL109930.1"
0,3.5397200308455,0.692,0.12,0,"11","PDE7B"
0,3.51153634035551,0.204,0.047,0,"11","G0S2"
0,3.47614128606915,0.343,0.04,0,"11","AC018816.1"
0,3.45832319602463,0.312,0.039,0,"11","CD200"
0,3.44346065013967,0.308,0.06,0,"11","NMB"
0,3.37793918800316,0.154,0.018,0,"11","NTRK2"
0,3.34015752114558,0.763,0.155,0,"11","CXCL13"
0,3.2550472963673,0.123,0.013,0,"11","DEC1"
0,3.23947655046431,0.253,0.03,0,"11","GNG4"
0,3.18035141058323,0.122,0.014,0,"11","AC104461.1"
0,3.16501307022376,0.457,0.074,0,"11","PTPN13"
0,3.1187473851475,0.138,0.016,0,"11","LINC02357"
0,3.10929923768531,0.335,0.046,0,"11","AC053513.1"
0,3.04670414368539,0.172,0.025,0,"11","TMEM178B"
8.75230219552114e-314,2.99497582574054,0.127,0.023,7.87803472921053e-309,"11","RDH10-AS1"
0,2.95741248194201,0.155,0.023,0,"11","LINC02341"
0,2.92704892469723,0.425,0.077,0,"11","LRRC8D"
0,2.86219292153568,0.39,0.063,0,"11","TMEM173"
0,2.85499812778853,0.342,0.053,0,"11","LINC00892"
0,2.83311974054812,0.274,0.046,0,"11","BHLHE40-AS1"
0,2.82502554037024,0.13,0.017,0,"11","CLECL1"
0,2.82467708799259,0.265,0.045,0,"11","CPM"
0,2.77893455486349,0.218,0.037,0,"11","AC008892.1"
0,2.77040410468496,0.188,0.035,0,"11","ZBED2"
0,2.7340550044111,0.111,0.016,0,"11","MYO1B"
0,2.73259559271947,0.392,0.076,0,"11","TBXAS1"
0,2.72496807704946,0.152,0.024,0,"11","AC139720.1"
0,2.70486613693531,0.185,0.028,0,"11","AL096794.1"
0,2.68371244664204,0.288,0.049,0,"11","CYSLTR1"
0,2.67872236486526,0.128,0.019,0,"11","AC090152.1"
1.91689131580395e-299,2.63859117501864,0.116,0.02,1.72541304226829e-294,"11","LINC01358"
