"cluster","group","n_cells","resolution","field","within_cluster_fraction","lineage_wide_dataset_fraction","enrichment","high_enrichment_low_count_flag"
"0","CNP0000460",50,0.4,"dataset",0.00913408841797589,0.0414487447698745,0.220370688393311,FALSE
"1","CNP0000460",224,0.4,"dataset",0.0834264432029795,0.0414487447698745,2.01276163285927,FALSE
"2","CNP0000460",0,0.4,"dataset",0,0.0414487447698745,0,FALSE
"3","CNP0000460",155,0.4,"dataset",0.113886847905952,0.0414487447698745,2.74765492992024,FALSE
"4","CNP0000460",69,0.4,"dataset",0.055735056542811,0.0414487447698745,1.34467417173318,FALSE
"5","CNP0000460",44,0.4,"dataset",0.0370682392586352,0.0414487447698745,0.894315122555338,FALSE
"6","CNP0000460",29,0.4,"dataset",0.0296827021494371,0.0414487447698745,0.716130302961812,FALSE
"7","CNP0000460",43,0.4,"dataset",0.0953436807095344,0.0414487447698745,2.30027908538334,FALSE
"8","CNP0000460",9,0.4,"dataset",0.042654028436019,0.0414487447698745,1.02907889425449,FALSE
"9","CNP0000460",7,0.4,"dataset",0.0507246376811594,0.0414487447698745,1.22379188954419,FALSE
"10","CNP0000460",4,0.4,"dataset",0.0336134453781513,0.0414487447698745,0.810964133287384,FALSE
"0","GSE326225",5,0.4,"dataset",0.000913408841797589,0.0219011506276151,0.0417059750571221,FALSE
"1","GSE326225",100,0.4,"dataset",0.037243947858473,0.0219011506276151,1.7005475416215,FALSE
"2","GSE326225",61,0.4,"dataset",0.0419243986254296,0.0219011506276151,1.91425552649126,FALSE
"3","GSE326225",53,0.4,"dataset",0.0389419544452608,0.0219011506276151,1.7780780155066,FALSE
"4","GSE326225",67,0.4,"dataset",0.0541195476575121,0.0219011506276151,2.47108239095315,FALSE
"5","GSE326225",6,0.4,"dataset",0.0050547598989048,0.0219011506276151,0.230798828100441,FALSE
"6","GSE326225",27,0.4,"dataset",0.0276356192425793,0.0219011506276151,1.26183412517759,FALSE
"7","GSE326225",0,0.4,"dataset",0,0.0219011506276151,0,FALSE
"8","GSE326225",8,0.4,"dataset",0.037914691943128,0.0219011506276151,1.73117351630473,FALSE
"9","GSE326225",8,0.4,"dataset",0.0579710144927536,0.0219011506276151,2.64693921695868,FALSE
"10","GSE326225",0,0.4,"dataset",0,0.0219011506276151,0,FALSE
"0","HRA003620",366,0.4,"dataset",0.0668615272195835,0.0460251046025105,1.45271863686186,FALSE
"1","HRA003620",17,0.4,"dataset",0.00633147113594041,0.0460251046025105,0.137565600135433,FALSE
"2","HRA003620",0,0.4,"dataset",0,0.0460251046025105,0,FALSE
"3","HRA003620",6,0.4,"dataset",0.00440852314474651,0.0460251046025105,0.0957851846904014,FALSE
"4","HRA003620",95,0.4,"dataset",0.0767366720516963,0.0460251046025105,1.66727860185049,FALSE
"5","HRA003620",5,0.4,"dataset",0.004212299915754,0.0460251046025105,0.0915217890786551,FALSE
"6","HRA003620",94,0.4,"dataset",0.0962128966223132,0.0460251046025105,2.0904438447939,FALSE
"7","HRA003620",106,0.4,"dataset",0.235033259423503,0.0460251046025105,5.1066317274743,FALSE
"8","HRA003620",3,0.4,"dataset",0.014218009478673,0.0460251046025105,0.308918569582077,FALSE
"9","HRA003620",11,0.4,"dataset",0.0797101449275362,0.0460251046025105,1.73188405797101,FALSE
"10","HRA003620",1,0.4,"dataset",0.00840336134453781,0.0460251046025105,0.182582123758594,FALSE
"0","InhouseData",0,0.4,"dataset",0,0.128661087866109,0,FALSE
"1","InhouseData",235,0.4,"dataset",0.0875232774674116,0.128661087866109,0.68026222161663,FALSE
"2","InhouseData",1389,0.4,"dataset",0.954639175257732,0.128661087866109,7.41979716704384,FALSE
"3","InhouseData",120,0.4,"dataset",0.0881704628949302,0.128661087866109,0.685292378272791,FALSE
"4","InhouseData",30,0.4,"dataset",0.024232633279483,0.128661087866109,0.188344694432405,FALSE
"5","InhouseData",18,0.4,"dataset",0.0151642796967144,0.128661087866109,0.117862206423244,FALSE
"6","InhouseData",48,0.4,"dataset",0.0491299897645855,0.128661087866109,0.381855855406046,FALSE
"7","InhouseData",109,0.4,"dataset",0.241685144124169,0.128661087866109,1.87846339660736,FALSE
"8","InhouseData",15,0.4,"dataset",0.0710900473933649,0.128661087866109,0.552537278927292,FALSE
"9","InhouseData",4,0.4,"dataset",0.0289855072463768,0.128661087866109,0.225285731118181,FALSE
"10","InhouseData",0,0.4,"dataset",0,0.128661087866109,0,FALSE
"0","PRJNA662018",5053,0.4,"dataset",0.923090975520643,0.761963912133891,1.21146285384502,FALSE
"1","PRJNA662018",2109,0.4,"dataset",0.785474860335196,0.761963912133891,1.03085572404008,FALSE
"2","PRJNA662018",5,0.4,"dataset",0.00343642611683849,0.761963912133891,0.00450995914913441,FALSE
"3","PRJNA662018",1027,0.4,"dataset",0.754592211609111,0.761963912133891,0.990325394146114,FALSE
"4","PRJNA662018",977,0.4,"dataset",0.789176090468498,0.761963912133891,1.03571321148058,FALSE
"5","PRJNA662018",1114,0.4,"dataset",0.938500421229992,0.761963912133891,1.23168618130707,FALSE
"6","PRJNA662018",779,0.4,"dataset",0.797338792221085,0.761963912133891,1.04642592585274,FALSE
"7","PRJNA662018",193,0.4,"dataset",0.427937915742794,0.761963912133891,0.561624912844425,FALSE
"8","PRJNA662018",176,0.4,"dataset",0.834123222748815,0.761963912133891,1.09470174304298,FALSE
"9","PRJNA662018",108,0.4,"dataset",0.782608695652174,0.761963912133891,1.02709417492026,FALSE
"10","PRJNA662018",114,0.4,"dataset",0.957983193277311,0.761963912133891,1.25725533456626,FALSE
"0","CNP0000460",10,0.8,"dataset",0.00527148128624143,0.0414487447698745,0.127180722010014,FALSE
"1","CNP0000460",11,0.8,"dataset",0.00590128755364807,0.0414487447698745,0.142375543250159,FALSE
"2","CNP0000460",152,0.8,"dataset",0.101672240802676,0.0414487447698745,2.45296308409736,FALSE
"3","CNP0000460",27,0.8,"dataset",0.0182679296346414,0.0414487447698745,0.440735412762579,FALSE
"4","CNP0000460",156,0.8,"dataset",0.114537444933921,0.0414487447698745,2.76335135285371,FALSE
"5","CNP0000460",70,0.8,"dataset",0.0595744680851064,0.0414487447698745,1.43730451708168,FALSE
"6","CNP0000460",0,0.8,"dataset",0,0.0414487447698745,0,FALSE
"7","CNP0000460",29,0.8,"dataset",0.0293522267206478,0.0414487447698745,0.708157192301306,FALSE
"8","CNP0000460",54,0.8,"dataset",0.0598006644518272,0.0414487447698745,1.44276177201128,FALSE
"9","CNP0000460",21,0.8,"dataset",0.0247058823529412,0.0414487447698745,0.596058637966227,FALSE
"10","CNP0000460",43,0.8,"dataset",0.0953436807095344,0.0414487447698745,2.30027908538334,FALSE
"11","CNP0000460",18,0.8,"dataset",0.0424528301886792,0.0414487447698745,1.02422474852687,FALSE
"12","CNP0000460",0,0.8,"dataset",0,0.0414487447698745,0,FALSE
"13","CNP0000460",15,0.8,"dataset",0.0446428571428571,0.0414487447698745,1.07706173952231,FALSE
"14","CNP0000460",9,0.8,"dataset",0.0424528301886792,0.0414487447698745,1.02422474852687,FALSE
"15","CNP0000460",8,0.8,"dataset",0.0551724137931034,0.0414487447698745,1.33109974980964,FALSE
"16","CNP0000460",7,0.8,"dataset",0.0507246376811594,0.0414487447698745,1.22379188954419,FALSE
"17","CNP0000460",4,0.8,"dataset",0.0338983050847458,0.0414487447698745,0.817836710688125,FALSE
"0","GSE326225",0,0.8,"dataset",0,0.0219011506276151,0,FALSE
"1","GSE326225",0,0.8,"dataset",0,0.0219011506276151,0,FALSE
"2","GSE326225",68,0.8,"dataset",0.0454849498327759,0.0219011506276151,2.07682923176758,FALSE
"3","GSE326225",5,0.8,"dataset",0.003382949932341,0.0219011506276151,0.154464484074889,FALSE
"4","GSE326225",52,0.8,"dataset",0.0381791483113069,0.0219011506276151,1.74324851513358,FALSE
"5","GSE326225",32,0.8,"dataset",0.0272340425531915,0.0219011506276151,1.24349825341378,FALSE
"6","GSE326225",37,0.8,"dataset",0.0354745925215724,0.0219011506276151,1.61975930510439,FALSE
"7","GSE326225",27,0.8,"dataset",0.0273279352226721,0.0219011506276151,1.2477853646746,FALSE
"8","GSE326225",52,0.8,"dataset",0.0575858250276855,0.0219011506276151,2.6293515809656,FALSE
"9","GSE326225",0,0.8,"dataset",0,0.0219011506276151,0,FALSE
"10","GSE326225",0,0.8,"dataset",0,0.0219011506276151,0,FALSE
"11","GSE326225",5,0.8,"dataset",0.0117924528301887,0.0219011506276151,0.538439876091242,FALSE
"12","GSE326225",24,0.8,"dataset",0.0575539568345324,0.0219011506276151,2.62789648877913,FALSE
"13","GSE326225",16,0.8,"dataset",0.0476190476190476,0.0219011506276151,2.17427149964463,FALSE
"14","GSE326225",8,0.8,"dataset",0.0377358490566038,0.0219011506276151,1.72300760349197,FALSE
"15","GSE326225",1,0.8,"dataset",0.00689655172413793,0.0219011506276151,0.314894493051981,FALSE
"16","GSE326225",8,0.8,"dataset",0.0579710144927536,0.0219011506276151,2.64693921695868,FALSE
"17","GSE326225",0,0.8,"dataset",0,0.0219011506276151,0,FALSE
"0","HRA003620",159,0.8,"dataset",0.0838165524512388,0.0460251046025105,1.82110509416782,FALSE
"1","HRA003620",52,0.8,"dataset",0.0278969957081545,0.0460251046025105,0.60612563402263,FALSE
"2","HRA003620",13,0.8,"dataset",0.00869565217391304,0.0460251046025105,0.188932806324111,FALSE
"3","HRA003620",149,0.8,"dataset",0.100811907983762,0.0460251046025105,2.19036781891992,FALSE
"4","HRA003620",6,0.8,"dataset",0.00440528634361234,0.0460251046025105,0.0957148578293953,FALSE
"5","HRA003620",4,0.8,"dataset",0.00340425531914894,0.0460251046025105,0.0739651837524178,FALSE
"6","HRA003620",0,0.8,"dataset",0,0.0460251046025105,0,FALSE
"7","HRA003620",94,0.8,"dataset",0.0951417004048583,0.0460251046025105,2.06716967243283,FALSE
"8","HRA003620",52,0.8,"dataset",0.0575858250276855,0.0460251046025105,1.25118292560153,FALSE
"9","HRA003620",9,0.8,"dataset",0.0105882352941176,0.0460251046025105,0.230053475935829,FALSE
"10","HRA003620",106,0.8,"dataset",0.235033259423503,0.0460251046025105,5.1066317274743,FALSE
"11","HRA003620",0,0.8,"dataset",0,0.0460251046025105,0,FALSE
"12","HRA003620",0,0.8,"dataset",0,0.0460251046025105,0,FALSE
"13","HRA003620",42,0.8,"dataset",0.125,0.0460251046025105,2.71590909090909,FALSE
"14","HRA003620",3,0.8,"dataset",0.0141509433962264,0.0460251046025105,0.30746140651801,FALSE
"15","HRA003620",3,0.8,"dataset",0.0206896551724138,0.0460251046025105,0.449529780564263,FALSE
"16","HRA003620",11,0.8,"dataset",0.0797101449275362,0.0460251046025105,1.73188405797101,FALSE
"17","HRA003620",1,0.8,"dataset",0.00847457627118644,0.0460251046025105,0.184129429892142,FALSE
"0","InhouseData",0,0.8,"dataset",0,0.128661087866109,0,FALSE
"1","InhouseData",0,0.8,"dataset",0,0.128661087866109,0,FALSE
"2","InhouseData",213,0.8,"dataset",0.14247491638796,0.128661087866109,1.10736601680398,FALSE
"3","InhouseData",0,0.8,"dataset",0,0.128661087866109,0,FALSE
"4","InhouseData",119,0.8,"dataset",0.0873715124816446,0.128661087866109,0.679082649857336,FALSE
"5","InhouseData",15,0.8,"dataset",0.0127659574468085,0.128661087866109,0.0992215879605605,FALSE
"6","InhouseData",1000,0.8,"dataset",0.958772770853308,0.128661087866109,7.45192495069726,FALSE
"7","InhouseData",52,0.8,"dataset",0.0526315789473684,0.128661087866109,0.409071459135644,FALSE
"8","InhouseData",25,0.8,"dataset",0.0276854928017719,0.128661087866109,0.215181553808894,FALSE
"9","InhouseData",0,0.8,"dataset",0,0.128661087866109,0,FALSE
"10","InhouseData",109,0.8,"dataset",0.241685144124169,0.128661087866109,1.87846339660736,FALSE
"11","InhouseData",17,0.8,"dataset",0.0400943396226415,0.128661087866109,0.311627550237767,FALSE
"12","InhouseData",393,0.8,"dataset",0.942446043165468,0.128661087866109,7.32502778265193,FALSE
"13","InhouseData",5,0.8,"dataset",0.0148809523809524,0.128661087866109,0.11566008517228,FALSE
"14","InhouseData",15,0.8,"dataset",0.0707547169811321,0.128661087866109,0.549930971007823,FALSE
"15","InhouseData",1,0.8,"dataset",0.00689655172413793,0.128661087866109,0.0536024670591534,FALSE
"16","InhouseData",4,0.8,"dataset",0.0289855072463768,0.128661087866109,0.225285731118181,FALSE
"17","InhouseData",0,0.8,"dataset",0,0.128661087866109,0,FALSE
"0","PRJNA662018",1728,0.8,"dataset",0.91091196626252,0.761963912133891,1.19547914508378,FALSE
"1","PRJNA662018",1801,0.8,"dataset",0.966201716738197,0.761963912133891,1.26804130924303,FALSE
"2","PRJNA662018",1049,0.8,"dataset",0.701672240802676,0.761963912133891,0.920873324351585,FALSE
"3","PRJNA662018",1297,0.8,"dataset",0.877537212449256,0.761963912133891,1.1516781811775,FALSE
"4","PRJNA662018",1029,0.8,"dataset",0.755506607929515,0.761963912133891,0.991525446150997,FALSE
"5","PRJNA662018",1054,0.8,"dataset",0.897021276595745,0.761963912133891,1.1772490301852,FALSE
"6","PRJNA662018",6,0.8,"dataset",0.00575263662511985,0.761963912133891,0.00754974944811953,FALSE
"7","PRJNA662018",786,0.8,"dataset",0.795546558704453,0.761963912133891,1.04407380196854,FALSE
"8","PRJNA662018",720,0.8,"dataset",0.79734219269103,0.761963912133891,1.04643038862308,FALSE
"9","PRJNA662018",820,0.8,"dataset",0.964705882352941,0.761963912133891,1.26607817901936,FALSE
"10","PRJNA662018",193,0.8,"dataset",0.427937915742794,0.761963912133891,0.561624912844425,FALSE
"11","PRJNA662018",384,0.8,"dataset",0.905660377358491,0.761963912133891,1.18858696971905,FALSE
"12","PRJNA662018",0,0.8,"dataset",0,0.761963912133891,0,FALSE
"13","PRJNA662018",258,0.8,"dataset",0.767857142857143,0.761963912133891,1.00773426487712,FALSE
"14","PRJNA662018",177,0.8,"dataset",0.834905660377358,0.761963912133891,1.09572861270974,FALSE
"15","PRJNA662018",132,0.8,"dataset",0.910344827586207,0.761963912133891,1.19473483335552,FALSE
"16","PRJNA662018",108,0.8,"dataset",0.782608695652174,0.761963912133891,1.02709417492026,FALSE
"17","PRJNA662018",113,0.8,"dataset",0.957627118644068,0.761963912133891,1.25678802288972,FALSE
"0","CNP0000460",12,1.2,"dataset",0.00619195046439629,0.0414487447698745,0.149388129816097,FALSE
"1","CNP0000460",11,1.2,"dataset",0.00608070757324489,0.0414487447698745,0.14670426347059,FALSE
"2","CNP0000460",25,1.2,"dataset",0.0175561797752809,0.0414487447698745,0.423563605430121,FALSE
"3","CNP0000460",130,1.2,"dataset",0.10797342192691,0.0414487447698745,2.60498653279814,FALSE
"4","CNP0000460",65,1.2,"dataset",0.0579839429081178,0.0414487447698745,1.39893121565074,FALSE
"5","CNP0000460",72,1.2,"dataset",0.0687679083094556,0.0414487447698745,1.65910713801488,FALSE
"6","CNP0000460",0,1.2,"dataset",0,0.0414487447698745,0,FALSE
"7","CNP0000460",100,1.2,"dataset",0.101317122593718,0.0414487447698745,2.44439543721375,FALSE
"8","CNP0000460",21,1.2,"dataset",0.0235162374020157,0.0414487447698745,0.567357046216454,FALSE
"9","CNP0000460",50,1.2,"dataset",0.067842605156038,0.0414487447698745,1.63678310483716,FALSE
"10","CNP0000460",14,1.2,"dataset",0.0272904483430799,0.0414487447698745,0.658414349930206,FALSE
"11","CNP0000460",43,1.2,"dataset",0.0953436807095344,0.0414487447698745,2.30027908538334,FALSE
"12","CNP0000460",18,1.2,"dataset",0.0422535211267606,0.0414487447698745,1.01941618163238,FALSE
"13","CNP0000460",0,1.2,"dataset",0,0.0414487447698745,0,FALSE
"14","CNP0000460",15,1.2,"dataset",0.0445103857566766,0.0414487447698745,1.07386571062165,FALSE
"15","CNP0000460",9,1.2,"dataset",0.0424528301886792,0.0414487447698745,1.02422474852687,FALSE
"16","CNP0000460",4,1.2,"dataset",0.0238095238095238,0.0414487447698745,0.57443292774523,FALSE
"17","CNP0000460",26,1.2,"dataset",0.166666666666667,0.0414487447698745,4.02103049421661,TRUE
"18","CNP0000460",8,1.2,"dataset",0.0516129032258065,0.0414487447698745,1.24522234659611,FALSE
"19","CNP0000460",7,1.2,"dataset",0.0507246376811594,0.0414487447698745,1.22379188954419,FALSE
"20","CNP0000460",4,1.2,"dataset",0.032258064516129,0.0414487447698745,0.77826396662257,FALSE
"0","GSE326225",0,1.2,"dataset",0,0.0219011506276151,0,FALSE
"1","GSE326225",0,1.2,"dataset",0,0.0219011506276151,0,FALSE
"2","GSE326225",5,1.2,"dataset",0.00351123595505618,0.0219011506276151,0.160321985577729,FALSE
"3","GSE326225",46,1.2,"dataset",0.0382059800664452,0.0219011506276151,1.74447364506372,FALSE
"4","GSE326225",31,1.2,"dataset",0.0276538804638715,0.0219011506276151,1.26266792709068,FALSE
"5","GSE326225",29,1.2,"dataset",0.0276981852913085,0.0219011506276151,1.26469087228613,FALSE
"6","GSE326225",37,1.2,"dataset",0.035645472061657,0.0219011506276151,1.62756161389584,FALSE
"7","GSE326225",50,1.2,"dataset",0.0506585612968592,0.0219011506276151,2.31305478685599,FALSE
"8","GSE326225",0,1.2,"dataset",0,0.0219011506276151,0,FALSE
"9","GSE326225",43,1.2,"dataset",0.0583446404341927,0.0219011506276151,2.66399886591466,FALSE
"10","GSE326225",17,1.2,"dataset",0.0331384015594542,0.0219011506276151,1.51308952314451,FALSE
"11","GSE326225",0,1.2,"dataset",0,0.0219011506276151,0,FALSE
"12","GSE326225",5,1.2,"dataset",0.0117370892018779,0.0219011506276151,0.53591198934903,FALSE
"13","GSE326225",24,1.2,"dataset",0.0574162679425837,0.0219011506276151,2.62160965507391,FALSE
"14","GSE326225",15,1.2,"dataset",0.0445103857566766,0.0219011506276151,2.03233092696754,FALSE
"15","GSE326225",8,1.2,"dataset",0.0377358490566038,0.0219011506276151,1.72300760349197,FALSE
"16","GSE326225",10,1.2,"dataset",0.0595238095238095,0.0219011506276151,2.71783937455579,FALSE
"17","GSE326225",6,1.2,"dataset",0.0384615384615385,0.0219011506276151,1.75614236509759,FALSE
"18","GSE326225",1,1.2,"dataset",0.00645161290322581,0.0219011506276151,0.294578719306692,FALSE
"19","GSE326225",8,1.2,"dataset",0.0579710144927536,0.0219011506276151,2.64693921695868,FALSE
"20","GSE326225",0,1.2,"dataset",0,0.0219011506276151,0,FALSE
"0","HRA003620",163,1.2,"dataset",0.0841073271413829,0.0460251046025105,1.82742283516277,FALSE
"1","HRA003620",52,1.2,"dataset",0.0287451630735213,0.0460251046025105,0.624553997688326,FALSE
"2","HRA003620",145,1.2,"dataset",0.101825842696629,0.0460251046025105,2.21239785495403,FALSE
"3","HRA003620",3,1.2,"dataset",0.00249169435215947,0.0460251046025105,0.0541377227423739,FALSE
"4","HRA003620",4,1.2,"dataset",0.00356824264049955,0.0460251046025105,0.0775281810072176,FALSE
"5","HRA003620",36,1.2,"dataset",0.0343839541547278,0.0460251046025105,0.747069549361813,FALSE
"6","HRA003620",0,1.2,"dataset",0,0.0460251046025105,0,FALSE
"7","HRA003620",6,1.2,"dataset",0.0060790273556231,0.0460251046025105,0.132080685272175,FALSE
"8","HRA003620",9,1.2,"dataset",0.0100783874580067,0.0460251046025105,0.218975872951237,FALSE
"9","HRA003620",32,1.2,"dataset",0.0434192672998643,0.0460251046025105,0.943382262242506,FALSE
"10","HRA003620",65,1.2,"dataset",0.126705653021442,0.0460251046025105,2.75296827928407,FALSE
"11","HRA003620",106,1.2,"dataset",0.235033259423503,0.0460251046025105,5.1066317274743,FALSE
"12","HRA003620",0,1.2,"dataset",0,0.0460251046025105,0,FALSE
"13","HRA003620",0,1.2,"dataset",0,0.0460251046025105,0,FALSE
"14","HRA003620",42,1.2,"dataset",0.124629080118694,0.0460251046025105,2.707850013488,FALSE
"15","HRA003620",3,1.2,"dataset",0.0141509433962264,0.0460251046025105,0.30746140651801,FALSE
"16","HRA003620",20,1.2,"dataset",0.119047619047619,0.0460251046025105,2.58658008658009,FALSE
"17","HRA003620",3,1.2,"dataset",0.0192307692307692,0.0460251046025105,0.417832167832168,FALSE
"18","HRA003620",3,1.2,"dataset",0.0193548387096774,0.0460251046025105,0.420527859237537,FALSE
"19","HRA003620",11,1.2,"dataset",0.0797101449275362,0.0460251046025105,1.73188405797101,FALSE
"20","HRA003620",1,1.2,"dataset",0.00806451612903226,0.0460251046025105,0.175219941348974,FALSE
"0","InhouseData",0,1.2,"dataset",0,0.128661087866109,0,FALSE
"1","InhouseData",0,1.2,"dataset",0,0.128661087866109,0,FALSE
"2","InhouseData",0,1.2,"dataset",0,0.128661087866109,0,FALSE
"3","InhouseData",90,1.2,"dataset",0.0747508305647841,0.128661087866109,0.580990195284013,FALSE
"4","InhouseData",9,1.2,"dataset",0.008028545941124,0.128661087866109,0.0624007310545898,FALSE
"5","InhouseData",130,1.2,"dataset",0.124164278892073,0.128661087866109,0.965049192039198,FALSE
"6","InhouseData",993,1.2,"dataset",0.956647398843931,0.128661087866109,7.4354057991447,FALSE
"7","InhouseData",138,1.2,"dataset",0.139817629179331,0.128661087866109,1.08671263004423,FALSE
"8","InhouseData",0,1.2,"dataset",0,0.128661087866109,0,FALSE
"9","InhouseData",23,1.2,"dataset",0.0312075983717775,0.128661087866109,0.242556618239181,FALSE
"10","InhouseData",9,1.2,"dataset",0.0175438596491228,0.128661087866109,0.136357153045215,FALSE
"11","InhouseData",109,1.2,"dataset",0.241685144124169,0.128661087866109,1.87846339660736,FALSE
"12","InhouseData",17,1.2,"dataset",0.039906103286385,0.128661087866109,0.310164510095805,FALSE
"13","InhouseData",394,1.2,"dataset",0.942583732057416,0.128661087866109,7.32609794997472,FALSE
"14","InhouseData",5,1.2,"dataset",0.0148367952522255,0.128661087866109,0.115316880171769,FALSE
"15","InhouseData",15,1.2,"dataset",0.0707547169811321,0.128661087866109,0.549930971007823,FALSE
"16","InhouseData",2,1.2,"dataset",0.0119047619047619,0.128661087866109,0.0925280681378242,FALSE
"17","InhouseData",29,1.2,"dataset",0.185897435897436,0.128661087866109,1.44486137169064,FALSE
"18","InhouseData",1,1.2,"dataset",0.00645161290322581,0.128661087866109,0.0501442433779177,FALSE
"19","InhouseData",4,1.2,"dataset",0.0289855072463768,0.128661087866109,0.225285731118181,FALSE
"20","InhouseData",0,1.2,"dataset",0,0.128661087866109,0,FALSE
"0","PRJNA662018",1763,1.2,"dataset",0.909700722394221,0.761963912133891,1.19388951091737,FALSE
"1","PRJNA662018",1746,1.2,"dataset",0.965174129353234,0.761963912133891,1.26669270549868,FALSE
"2","PRJNA662018",1249,1.2,"dataset",0.877106741573034,0.761963912133891,1.15111323201211,FALSE
"3","PRJNA662018",935,1.2,"dataset",0.776578073089701,0.761963912133891,1.01917959725269,FALSE
"4","PRJNA662018",1012,1.2,"dataset",0.902765388046387,0.761963912133891,1.18478759121043,FALSE
"5","PRJNA662018",780,1.2,"dataset",0.744985673352435,0.761963912133891,0.977717791471373,FALSE
"6","PRJNA662018",8,1.2,"dataset",0.00770712909441233,0.761963912133891,0.0101148216755153,FALSE
"7","PRJNA662018",693,1.2,"dataset",0.702127659574468,0.761963912133891,0.921471015088036,FALSE
"8","PRJNA662018",863,1.2,"dataset",0.966405375139978,0.761963912133891,1.2683085901451,FALSE
"9","PRJNA662018",589,1.2,"dataset",0.799185888738128,0.761963912133891,1.04885005183513,FALSE
"10","PRJNA662018",408,1.2,"dataset",0.795321637426901,0.761963912133891,1.04377861570844,FALSE
"11","PRJNA662018",193,1.2,"dataset",0.427937915742794,0.761963912133891,0.561624912844425,FALSE
"12","PRJNA662018",386,1.2,"dataset",0.906103286384977,0.761963912133891,1.18916824268937,FALSE
"13","PRJNA662018",0,1.2,"dataset",0,0.761963912133891,0,FALSE
"14","PRJNA662018",260,1.2,"dataset",0.771513353115727,0.761963912133891,1.01253266831902,FALSE
"15","PRJNA662018",177,1.2,"dataset",0.834905660377358,0.761963912133891,1.09572861270974,FALSE
"16","PRJNA662018",132,1.2,"dataset",0.785714285714286,0.761963912133891,1.03116994545566,FALSE
"17","PRJNA662018",92,1.2,"dataset",0.58974358974359,0.761963912133891,0.773978373978374,FALSE
"18","PRJNA662018",142,1.2,"dataset",0.916129032258065,0.761963912133891,1.20232601264859,FALSE
"19","PRJNA662018",108,1.2,"dataset",0.782608695652174,0.761963912133891,1.02709417492026,FALSE
"20","PRJNA662018",119,1.2,"dataset",0.959677419354839,0.761963912133891,1.25947883367238,FALSE
