"cell_barcode","orig.ident","dataset","sample_id","Type","T_stage","N_stage","M_stage","major_celltype","round2_cluster","round2_resolution"
"CNP0000460_AGTTGGTGTGTGGTTT-1_1_1_1_1_1_1_1_1","CNP0000460_P01N","CNP0000460",NA,"Normal","Normal","Normal","Normal","Fibroblast","15","round2_res_0.8"
"CNP0000460_AACTCCCCACCTGGTG-1_1_1_1_1_1","CNP0000460_P07N","CNP0000460",NA,"Normal","Normal","Normal","Normal","Fibroblast","15","round2_res_0.8"
"GSE326225_CATCGGGGTATTAGCC-1_1_1_1","GSE326225_BC1","GSE326225",NA,"MIBC",NA,NA,NA,"Fibroblast","15","round2_res_0.8"
"GSE326225_CAGAGAGGTCTAACGT-1_2","GSE326225_BC7","GSE326225",NA,"MIBC",NA,NA,NA,"Fibroblast","15","round2_res_0.8"
"GSE326225_GGAAAGCTCTCTAAGG-1_2","GSE326225_BC7","GSE326225",NA,"MIBC",NA,NA,NA,"Fibroblast","15","round2_res_0.8"
"GSE326225_TGAGAGGGTCCGACGT-1_2","GSE326225_BC7","GSE326225",NA,"MIBC",NA,NA,NA,"Fibroblast","15","round2_res_0.8"
"GSE326225_TTGAACGCATTCCTGC-1_2","GSE326225_BC7","GSE326225",NA,"MIBC",NA,NA,NA,"Fibroblast","15","round2_res_0.8"
"InhouseData_T4091568_GGTGAAGCACGGTAGA-1","T4091568","InhouseData",NA,"MIBC","T4",NA,NA,"Fibroblast","15","round2_res_0.8"
"InhouseData_T4091568_TCACTATGTATAATGG-1","T4091568","InhouseData",NA,"MIBC","T4",NA,NA,"Fibroblast","15","round2_res_0.8"
"InhouseData_T4463209b_ACAGCCGAGGTCGAGT-1","T4463209b","InhouseData",NA,"MIBC","T2",NA,NA,"Fibroblast","15","round2_res_0.8"
"InhouseData_T4463209b_GTCTACCCAAATGGAT-1","T4463209b","InhouseData",NA,"MIBC","T2",NA,NA,"Fibroblast","15","round2_res_0.8"
"InhouseData_T4463209b_TCTGGCTGTGGGTCAA-1","T4463209b","InhouseData",NA,"MIBC","T2",NA,NA,"Fibroblast","15","round2_res_0.8"
"InhouseData_T4463209b_TGCGATAAGGCCTTCG-1","T4463209b","InhouseData",NA,"MIBC","T2",NA,NA,"Fibroblast","15","round2_res_0.8"
"InhouseData_T4463209b_TTTAGTCAGAGGGTAA-1","T4463209b","InhouseData",NA,"MIBC","T2",NA,NA,"Fibroblast","15","round2_res_0.8"
"InhouseData_T4469479_TGGAACTAGGTCGCCT-1","T4469479","InhouseData",NA,"MIBC","T4",NA,NA,"Fibroblast","15","round2_res_0.8"
"InhouseData_T4471438_CGGAATTTCGATAACC-1","T4471438","InhouseData",NA,"MIBC","T4",NA,NA,"Fibroblast","15","round2_res_0.8"
"InhouseData_T8009218_ACTGATGGTGAGCGAT-1","T8009218","InhouseData",NA,"MIBC","T3",NA,NA,"Fibroblast","15","round2_res_0.8"
"InhouseData_T8009218_AGAGAATCAGTCTACA-1","T8009218","InhouseData",NA,"MIBC","T3",NA,NA,"Fibroblast","15","round2_res_0.8"
"InhouseData_T8009218_GATCACAAGATCACCT-1","T8009218","InhouseData",NA,"MIBC","T3",NA,NA,"Fibroblast","15","round2_res_0.8"
"InhouseData_T8009218_GCTACCTTCATCACTT-1","T8009218","InhouseData",NA,"MIBC","T3",NA,NA,"Fibroblast","15","round2_res_0.8"
"InhouseData_T8009218_GGGTATTAGTCTGGTT-1","T8009218","InhouseData",NA,"MIBC","T3",NA,NA,"Fibroblast","15","round2_res_0.8"
"InhouseData_T8009218_TACCTGCTCGTTAGAC-1","T8009218","InhouseData",NA,"MIBC","T3",NA,NA,"Fibroblast","15","round2_res_0.8"
"InhouseData_T8009218_TGAGGGAGTGATACCT-1","T8009218","InhouseData",NA,"MIBC","T3",NA,NA,"Fibroblast","15","round2_res_0.8"
"PRJNA662018_PRJNA662018_P1N1_AAACCTGAGCTCTCGG-1","PRJNA662018_PRJNA662018_P1N1","PRJNA662018","PRJNA662018_PRJNA662018_P1N1","Normal","Normal","Normal","Normal","Fibroblast","15","round2_res_0.8"
"PRJNA662018_PRJNA662018_P1N1_AAACCTGTCCTTTACA-1","PRJNA662018_PRJNA662018_P1N1","PRJNA662018","PRJNA662018_PRJNA662018_P1N1","Normal","Normal","Normal","Normal","Fibroblast","15","round2_res_0.8"
"PRJNA662018_PRJNA662018_P1N1_AAACGGGGTTCCACGG-1","PRJNA662018_PRJNA662018_P1N1","PRJNA662018","PRJNA662018_PRJNA662018_P1N1","Normal","Normal","Normal","Normal","Fibroblast","15","round2_res_0.8"
"PRJNA662018_PRJNA662018_P1N1_AACGTTGAGCCAACAG-1","PRJNA662018_PRJNA662018_P1N1","PRJNA662018","PRJNA662018_PRJNA662018_P1N1","Normal","Normal","Normal","Normal","Fibroblast","15","round2_res_0.8"
"PRJNA662018_PRJNA662018_P1N1_AACTCAGCAATGAATG-1","PRJNA662018_PRJNA662018_P1N1","PRJNA662018","PRJNA662018_PRJNA662018_P1N1","Normal","Normal","Normal","Normal","Fibroblast","15","round2_res_0.8"
"PRJNA662018_PRJNA662018_P1N1_AACTCTTCAATCACAC-1","PRJNA662018_PRJNA662018_P1N1","PRJNA662018","PRJNA662018_PRJNA662018_P1N1","Normal","Normal","Normal","Normal","Fibroblast","15","round2_res_0.8"
"PRJNA662018_PRJNA662018_P1N1_AAGCCGCCACTCAGGC-1","PRJNA662018_PRJNA662018_P1N1","PRJNA662018","PRJNA662018_PRJNA662018_P1N1","Normal","Normal","Normal","Normal","Fibroblast","15","round2_res_0.8"
"PRJNA662018_PRJNA662018_P1N1_AATCCAGCACGGCGTT-1","PRJNA662018_PRJNA662018_P1N1","PRJNA662018","PRJNA662018_PRJNA662018_P1N1","Normal","Normal","Normal","Normal","Fibroblast","15","round2_res_0.8"
"PRJNA662018_PRJNA662018_P1N1_AATCCAGGTTTGTTGG-1","PRJNA662018_PRJNA662018_P1N1","PRJNA662018","PRJNA662018_PRJNA662018_P1N1","Normal","Normal","Normal","Normal","Fibroblast","15","round2_res_0.8"
"PRJNA662018_PRJNA662018_P1N1_ACATCAGCAAGCCCAC-1","PRJNA662018_PRJNA662018_P1N1","PRJNA662018","PRJNA662018_PRJNA662018_P1N1","Normal","Normal","Normal","Normal","Fibroblast","15","round2_res_0.8"
"PRJNA662018_PRJNA662018_P1N1_ACATCAGCACAAGTAA-1","PRJNA662018_PRJNA662018_P1N1","PRJNA662018","PRJNA662018_PRJNA662018_P1N1","Normal","Normal","Normal","Normal","Fibroblast","15","round2_res_0.8"
"PRJNA662018_PRJNA662018_P1N1_ACATCAGTCTGGTTCC-1","PRJNA662018_PRJNA662018_P1N1","PRJNA662018","PRJNA662018_PRJNA662018_P1N1","Normal","Normal","Normal","Normal","Fibroblast","15","round2_res_0.8"
"PRJNA662018_PRJNA662018_P1N1_ACCCACTAGCAGATCG-1","PRJNA662018_PRJNA662018_P1N1","PRJNA662018","PRJNA662018_PRJNA662018_P1N1","Normal","Normal","Normal","Normal","Fibroblast","15","round2_res_0.8"
"PRJNA662018_PRJNA662018_P1N1_ACGCCAGAGAGCTGCA-1","PRJNA662018_PRJNA662018_P1N1","PRJNA662018","PRJNA662018_PRJNA662018_P1N1","Normal","Normal","Normal","Normal","Fibroblast","15","round2_res_0.8"
"PRJNA662018_PRJNA662018_P1N1_ACTGAGTGTAATTGGA-1","PRJNA662018_PRJNA662018_P1N1","PRJNA662018","PRJNA662018_PRJNA662018_P1N1","Normal","Normal","Normal","Normal","Fibroblast","15","round2_res_0.8"
"PRJNA662018_PRJNA662018_P1N1_ACTTGTTGTCGGGTCT-1","PRJNA662018_PRJNA662018_P1N1","PRJNA662018","PRJNA662018_PRJNA662018_P1N1","Normal","Normal","Normal","Normal","Fibroblast","15","round2_res_0.8"
"PRJNA662018_PRJNA662018_P1N1_ACTTTCAAGTCGTACT-1","PRJNA662018_PRJNA662018_P1N1","PRJNA662018","PRJNA662018_PRJNA662018_P1N1","Normal","Normal","Normal","Normal","Fibroblast","15","round2_res_0.8"
"PRJNA662018_PRJNA662018_P1N1_AGAGCGAGTGATAAGT-1","PRJNA662018_PRJNA662018_P1N1","PRJNA662018","PRJNA662018_PRJNA662018_P1N1","Normal","Normal","Normal","Normal","Fibroblast","15","round2_res_0.8"
"PRJNA662018_PRJNA662018_P1N1_AGCTCCTTCCAGAGGA-1","PRJNA662018_PRJNA662018_P1N1","PRJNA662018","PRJNA662018_PRJNA662018_P1N1","Normal","Normal","Normal","Normal","Fibroblast","15","round2_res_0.8"
"PRJNA662018_PRJNA662018_P1N1_AGGTCCGTCCACGTTC-1","PRJNA662018_PRJNA662018_P1N1","PRJNA662018","PRJNA662018_PRJNA662018_P1N1","Normal","Normal","Normal","Normal","Fibroblast","15","round2_res_0.8"
"PRJNA662018_PRJNA662018_P1N1_AGTGAGGGTGACCAAG-1","PRJNA662018_PRJNA662018_P1N1","PRJNA662018","PRJNA662018_PRJNA662018_P1N1","Normal","Normal","Normal","Normal","Fibroblast","15","round2_res_0.8"
"PRJNA662018_PRJNA662018_P1N1_AGTGGGAGTCTTGTCC-1","PRJNA662018_PRJNA662018_P1N1","PRJNA662018","PRJNA662018_PRJNA662018_P1N1","Normal","Normal","Normal","Normal","Fibroblast","15","round2_res_0.8"
"PRJNA662018_PRJNA662018_P1N1_AGTTGGTCACCGGAAA-1","PRJNA662018_PRJNA662018_P1N1","PRJNA662018","PRJNA662018_PRJNA662018_P1N1","Normal","Normal","Normal","Normal","Fibroblast","15","round2_res_0.8"
"PRJNA662018_PRJNA662018_P1N1_ATAGACCCATCATCCC-1","PRJNA662018_PRJNA662018_P1N1","PRJNA662018","PRJNA662018_PRJNA662018_P1N1","Normal","Normal","Normal","Normal","Fibroblast","15","round2_res_0.8"
"PRJNA662018_PRJNA662018_P1N1_ATCTGCCGTAGAGCTG-1","PRJNA662018_PRJNA662018_P1N1","PRJNA662018","PRJNA662018_PRJNA662018_P1N1","Normal","Normal","Normal","Normal","Fibroblast","15","round2_res_0.8"
"PRJNA662018_PRJNA662018_P1N1_ATGTGTGGTTAGATGA-1","PRJNA662018_PRJNA662018_P1N1","PRJNA662018","PRJNA662018_PRJNA662018_P1N1","Normal","Normal","Normal","Normal","Fibroblast","15","round2_res_0.8"
"PRJNA662018_PRJNA662018_P1N1_CAACCAAAGCGACGTA-1","PRJNA662018_PRJNA662018_P1N1","PRJNA662018","PRJNA662018_PRJNA662018_P1N1","Normal","Normal","Normal","Normal","Fibroblast","15","round2_res_0.8"
"PRJNA662018_PRJNA662018_P1N1_CAAGGCCGTGGGTCAA-1","PRJNA662018_PRJNA662018_P1N1","PRJNA662018","PRJNA662018_PRJNA662018_P1N1","Normal","Normal","Normal","Normal","Fibroblast","15","round2_res_0.8"
"PRJNA662018_PRJNA662018_P1N1_CAAGTTGCAGCCTTTC-1","PRJNA662018_PRJNA662018_P1N1","PRJNA662018","PRJNA662018_PRJNA662018_P1N1","Normal","Normal","Normal","Normal","Fibroblast","15","round2_res_0.8"
"PRJNA662018_PRJNA662018_P1N1_CACACCTTCGGAATCT-1","PRJNA662018_PRJNA662018_P1N1","PRJNA662018","PRJNA662018_PRJNA662018_P1N1","Normal","Normal","Normal","Normal","Fibroblast","15","round2_res_0.8"
"PRJNA662018_PRJNA662018_P1N1_CAGCAGCGTAGCAAAT-1","PRJNA662018_PRJNA662018_P1N1","PRJNA662018","PRJNA662018_PRJNA662018_P1N1","Normal","Normal","Normal","Normal","Fibroblast","15","round2_res_0.8"
"PRJNA662018_PRJNA662018_P1N1_CAGCAGCGTTTGTTGG-1","PRJNA662018_PRJNA662018_P1N1","PRJNA662018","PRJNA662018_PRJNA662018_P1N1","Normal","Normal","Normal","Normal","Fibroblast","15","round2_res_0.8"
"PRJNA662018_PRJNA662018_P1N1_CAGCCGATCGGCGCAT-1","PRJNA662018_PRJNA662018_P1N1","PRJNA662018","PRJNA662018_PRJNA662018_P1N1","Normal","Normal","Normal","Normal","Fibroblast","15","round2_res_0.8"
"PRJNA662018_PRJNA662018_P1N1_CAGCGACAGAGGTAGA-1","PRJNA662018_PRJNA662018_P1N1","PRJNA662018","PRJNA662018_PRJNA662018_P1N1","Normal","Normal","Normal","Normal","Fibroblast","15","round2_res_0.8"
"PRJNA662018_PRJNA662018_P1N1_CAGTCCTAGAAGATTC-1","PRJNA662018_PRJNA662018_P1N1","PRJNA662018","PRJNA662018_PRJNA662018_P1N1","Normal","Normal","Normal","Normal","Fibroblast","15","round2_res_0.8"
"PRJNA662018_PRJNA662018_P1N1_CATCGGGAGTTGCAGG-1","PRJNA662018_PRJNA662018_P1N1","PRJNA662018","PRJNA662018_PRJNA662018_P1N1","Normal","Normal","Normal","Normal","Fibroblast","15","round2_res_0.8"
"PRJNA662018_PRJNA662018_P1N1_CATGACACACGTCAGC-1","PRJNA662018_PRJNA662018_P1N1","PRJNA662018","PRJNA662018_PRJNA662018_P1N1","Normal","Normal","Normal","Normal","Fibroblast","15","round2_res_0.8"
"PRJNA662018_PRJNA662018_P1N1_CCACGGAAGGTAGCCA-1","PRJNA662018_PRJNA662018_P1N1","PRJNA662018","PRJNA662018_PRJNA662018_P1N1","Normal","Normal","Normal","Normal","Fibroblast","15","round2_res_0.8"
"PRJNA662018_PRJNA662018_P1N1_CCCAGTTCACTTAACG-1","PRJNA662018_PRJNA662018_P1N1","PRJNA662018","PRJNA662018_PRJNA662018_P1N1","Normal","Normal","Normal","Normal","Fibroblast","15","round2_res_0.8"
"PRJNA662018_PRJNA662018_P1N1_CCCATACAGAGATGAG-1","PRJNA662018_PRJNA662018_P1N1","PRJNA662018","PRJNA662018_PRJNA662018_P1N1","Normal","Normal","Normal","Normal","Fibroblast","15","round2_res_0.8"
"PRJNA662018_PRJNA662018_P1N1_CCCTCCTTCAACCAAC-1","PRJNA662018_PRJNA662018_P1N1","PRJNA662018","PRJNA662018_PRJNA662018_P1N1","Normal","Normal","Normal","Normal","Fibroblast","15","round2_res_0.8"
"PRJNA662018_PRJNA662018_P1N1_CCGGTAGCAACTTGAC-1","PRJNA662018_PRJNA662018_P1N1","PRJNA662018","PRJNA662018_PRJNA662018_P1N1","Normal","Normal","Normal","Normal","Fibroblast","15","round2_res_0.8"
"PRJNA662018_PRJNA662018_P1N1_CCTTCGACAAGCCATT-1","PRJNA662018_PRJNA662018_P1N1","PRJNA662018","PRJNA662018_PRJNA662018_P1N1","Normal","Normal","Normal","Normal","Fibroblast","15","round2_res_0.8"
"PRJNA662018_PRJNA662018_P1N1_CGAATGTCAGACAAAT-1","PRJNA662018_PRJNA662018_P1N1","PRJNA662018","PRJNA662018_PRJNA662018_P1N1","Normal","Normal","Normal","Normal","Fibroblast","15","round2_res_0.8"
"PRJNA662018_PRJNA662018_P1N1_CGACTTCGTTTGACAC-1","PRJNA662018_PRJNA662018_P1N1","PRJNA662018","PRJNA662018_PRJNA662018_P1N1","Normal","Normal","Normal","Normal","Fibroblast","15","round2_res_0.8"
"PRJNA662018_PRJNA662018_P1N1_CGATGTACATGCAATC-1","PRJNA662018_PRJNA662018_P1N1","PRJNA662018","PRJNA662018_PRJNA662018_P1N1","Normal","Normal","Normal","Normal","Fibroblast","15","round2_res_0.8"
"PRJNA662018_PRJNA662018_P1N1_CGCGGTACATGTTCCC-1","PRJNA662018_PRJNA662018_P1N1","PRJNA662018","PRJNA662018_PRJNA662018_P1N1","Normal","Normal","Normal","Normal","Fibroblast","15","round2_res_0.8"
"PRJNA662018_PRJNA662018_P1N1_CGCGTTTTCCAATGGT-1","PRJNA662018_PRJNA662018_P1N1","PRJNA662018","PRJNA662018_PRJNA662018_P1N1","Normal","Normal","Normal","Normal","Fibroblast","15","round2_res_0.8"
"PRJNA662018_PRJNA662018_P1N1_CGCTTCACAACTGCGC-1","PRJNA662018_PRJNA662018_P1N1","PRJNA662018","PRJNA662018_PRJNA662018_P1N1","Normal","Normal","Normal","Normal","Fibroblast","15","round2_res_0.8"
"PRJNA662018_PRJNA662018_P1N1_CGGACGTAGTTGCAGG-1","PRJNA662018_PRJNA662018_P1N1","PRJNA662018","PRJNA662018_PRJNA662018_P1N1","Normal","Normal","Normal","Normal","Fibroblast","15","round2_res_0.8"
"PRJNA662018_PRJNA662018_P1N1_CGGACTGAGAAGATTC-1","PRJNA662018_PRJNA662018_P1N1","PRJNA662018","PRJNA662018_PRJNA662018_P1N1","Normal","Normal","Normal","Normal","Fibroblast","15","round2_res_0.8"
"PRJNA662018_PRJNA662018_P1N1_CTAAGACCACACGCTG-1","PRJNA662018_PRJNA662018_P1N1","PRJNA662018","PRJNA662018_PRJNA662018_P1N1","Normal","Normal","Normal","Normal","Fibroblast","15","round2_res_0.8"
"PRJNA662018_PRJNA662018_P1N1_CTACCCAGTGTGAAAT-1","PRJNA662018_PRJNA662018_P1N1","PRJNA662018","PRJNA662018_PRJNA662018_P1N1","Normal","Normal","Normal","Normal","Fibroblast","15","round2_res_0.8"
"PRJNA662018_PRJNA662018_P1N1_CTACGTCAGTGCTGCC-1","PRJNA662018_PRJNA662018_P1N1","PRJNA662018","PRJNA662018_PRJNA662018_P1N1","Normal","Normal","Normal","Normal","Fibroblast","15","round2_res_0.8"
"PRJNA662018_PRJNA662018_P1N1_CTCTACGGTACATGTC-1","PRJNA662018_PRJNA662018_P1N1","PRJNA662018","PRJNA662018_PRJNA662018_P1N1","Normal","Normal","Normal","Normal","Fibroblast","15","round2_res_0.8"
"PRJNA662018_PRJNA662018_P1N1_CTGAAACAGCGATTCT-1","PRJNA662018_PRJNA662018_P1N1","PRJNA662018","PRJNA662018_PRJNA662018_P1N1","Normal","Normal","Normal","Normal","Fibroblast","15","round2_res_0.8"
"PRJNA662018_PRJNA662018_P1N1_CTGATAGAGGCTCATT-1","PRJNA662018_PRJNA662018_P1N1","PRJNA662018","PRJNA662018_PRJNA662018_P1N1","Normal","Normal","Normal","Normal","Fibroblast","15","round2_res_0.8"
"PRJNA662018_PRJNA662018_P1N1_CTGCTGTCAGCCTGTG-1","PRJNA662018_PRJNA662018_P1N1","PRJNA662018","PRJNA662018_PRJNA662018_P1N1","Normal","Normal","Normal","Normal","Fibroblast","15","round2_res_0.8"
"PRJNA662018_PRJNA662018_P1N1_CTTCTCTGTTCCATGA-1","PRJNA662018_PRJNA662018_P1N1","PRJNA662018","PRJNA662018_PRJNA662018_P1N1","Normal","Normal","Normal","Normal","Fibroblast","15","round2_res_0.8"
"PRJNA662018_PRJNA662018_P1N1_GAACCTAAGTGGTCCC-1","PRJNA662018_PRJNA662018_P1N1","PRJNA662018","PRJNA662018_PRJNA662018_P1N1","Normal","Normal","Normal","Normal","Fibroblast","15","round2_res_0.8"
"PRJNA662018_PRJNA662018_P1N1_GAAGCAGTCCAAACTG-1","PRJNA662018_PRJNA662018_P1N1","PRJNA662018","PRJNA662018_PRJNA662018_P1N1","Normal","Normal","Normal","Normal","Fibroblast","15","round2_res_0.8"
"PRJNA662018_PRJNA662018_P1N1_GACAGAGCAGTGGAGT-1","PRJNA662018_PRJNA662018_P1N1","PRJNA662018","PRJNA662018_PRJNA662018_P1N1","Normal","Normal","Normal","Normal","Fibroblast","15","round2_res_0.8"
"PRJNA662018_PRJNA662018_P1N1_GACTACAAGTTTAGGA-1","PRJNA662018_PRJNA662018_P1N1","PRJNA662018","PRJNA662018_PRJNA662018_P1N1","Normal","Normal","Normal","Normal","Fibroblast","15","round2_res_0.8"
"PRJNA662018_PRJNA662018_P1N1_GACTGCGCAGGGTATG-1","PRJNA662018_PRJNA662018_P1N1","PRJNA662018","PRJNA662018_PRJNA662018_P1N1","Normal","Normal","Normal","Normal","Fibroblast","15","round2_res_0.8"
"PRJNA662018_PRJNA662018_P1N1_GATCTAGTCAAACCGT-1","PRJNA662018_PRJNA662018_P1N1","PRJNA662018","PRJNA662018_PRJNA662018_P1N1","Normal","Normal","Normal","Normal","Fibroblast","15","round2_res_0.8"
"PRJNA662018_PRJNA662018_P1N1_GCAATCAGTTCGTCTC-1","PRJNA662018_PRJNA662018_P1N1","PRJNA662018","PRJNA662018_PRJNA662018_P1N1","Normal","Normal","Normal","Normal","Fibroblast","15","round2_res_0.8"
"PRJNA662018_PRJNA662018_P1N1_GCACATACATGGAATA-1","PRJNA662018_PRJNA662018_P1N1","PRJNA662018","PRJNA662018_PRJNA662018_P1N1","Normal","Normal","Normal","Normal","Fibroblast","15","round2_res_0.8"
"PRJNA662018_PRJNA662018_P1N1_GCACTCTCAAGGCTCC-1","PRJNA662018_PRJNA662018_P1N1","PRJNA662018","PRJNA662018_PRJNA662018_P1N1","Normal","Normal","Normal","Normal","Fibroblast","15","round2_res_0.8"
"PRJNA662018_PRJNA662018_P1N1_GCATGATTCACGATGT-1","PRJNA662018_PRJNA662018_P1N1","PRJNA662018","PRJNA662018_PRJNA662018_P1N1","Normal","Normal","Normal","Normal","Fibroblast","15","round2_res_0.8"
"PRJNA662018_PRJNA662018_P1N1_GCATGATTCTCTGAGA-1","PRJNA662018_PRJNA662018_P1N1","PRJNA662018","PRJNA662018_PRJNA662018_P1N1","Normal","Normal","Normal","Normal","Fibroblast","15","round2_res_0.8"
"PRJNA662018_PRJNA662018_P1N1_GCATGCGCACGGCTAC-1","PRJNA662018_PRJNA662018_P1N1","PRJNA662018","PRJNA662018_PRJNA662018_P1N1","Normal","Normal","Normal","Normal","Fibroblast","15","round2_res_0.8"
"PRJNA662018_PRJNA662018_P1N1_GCGCGATAGCCTTGAT-1","PRJNA662018_PRJNA662018_P1N1","PRJNA662018","PRJNA662018_PRJNA662018_P1N1","Normal","Normal","Normal","Normal","Fibroblast","15","round2_res_0.8"
"PRJNA662018_PRJNA662018_P1N1_GCGCGATGTACCGAGA-1","PRJNA662018_PRJNA662018_P1N1","PRJNA662018","PRJNA662018_PRJNA662018_P1N1","Normal","Normal","Normal","Normal","Fibroblast","15","round2_res_0.8"
"PRJNA662018_PRJNA662018_P1N1_GGAACTTAGAGACTTA-1","PRJNA662018_PRJNA662018_P1N1","PRJNA662018","PRJNA662018_PRJNA662018_P1N1","Normal","Normal","Normal","Normal","Fibroblast","15","round2_res_0.8"
"PRJNA662018_PRJNA662018_P1N1_GGCAATTGTATCGCAT-1","PRJNA662018_PRJNA662018_P1N1","PRJNA662018","PRJNA662018_PRJNA662018_P1N1","Normal","Normal","Normal","Normal","Fibroblast","15","round2_res_0.8"
"PRJNA662018_PRJNA662018_P1N1_GGCAATTGTATGCTTG-1","PRJNA662018_PRJNA662018_P1N1","PRJNA662018","PRJNA662018_PRJNA662018_P1N1","Normal","Normal","Normal","Normal","Fibroblast","15","round2_res_0.8"
"PRJNA662018_PRJNA662018_P1N1_GGCGACTTCCTAGGGC-1","PRJNA662018_PRJNA662018_P1N1","PRJNA662018","PRJNA662018_PRJNA662018_P1N1","Normal","Normal","Normal","Normal","Fibroblast","15","round2_res_0.8"
"PRJNA662018_PRJNA662018_P1N1_GGGAATGTCGTCCAGG-1","PRJNA662018_PRJNA662018_P1N1","PRJNA662018","PRJNA662018_PRJNA662018_P1N1","Normal","Normal","Normal","Normal","Fibroblast","15","round2_res_0.8"
"PRJNA662018_PRJNA662018_P1N1_GGGATGATCGGCTTGG-1","PRJNA662018_PRJNA662018_P1N1","PRJNA662018","PRJNA662018_PRJNA662018_P1N1","Normal","Normal","Normal","Normal","Fibroblast","15","round2_res_0.8"
"PRJNA662018_PRJNA662018_P1N1_GGGCATCTCCAAACTG-1","PRJNA662018_PRJNA662018_P1N1","PRJNA662018","PRJNA662018_PRJNA662018_P1N1","Normal","Normal","Normal","Normal","Fibroblast","15","round2_res_0.8"
"PRJNA662018_PRJNA662018_P1N1_GGTATTGTCGCGCCAA-1","PRJNA662018_PRJNA662018_P1N1","PRJNA662018","PRJNA662018_PRJNA662018_P1N1","Normal","Normal","Normal","Normal","Fibroblast","15","round2_res_0.8"
"PRJNA662018_PRJNA662018_P1N1_GGTGAAGAGACTAAGT-1","PRJNA662018_PRJNA662018_P1N1","PRJNA662018","PRJNA662018_PRJNA662018_P1N1","Normal","Normal","Normal","Normal","Fibroblast","15","round2_res_0.8"
"PRJNA662018_PRJNA662018_P1N1_GTAACGTCACCAGATT-1","PRJNA662018_PRJNA662018_P1N1","PRJNA662018","PRJNA662018_PRJNA662018_P1N1","Normal","Normal","Normal","Normal","Fibroblast","15","round2_res_0.8"
"PRJNA662018_PRJNA662018_P1N1_GTACTTTCAGGCAGTA-1","PRJNA662018_PRJNA662018_P1N1","PRJNA662018","PRJNA662018_PRJNA662018_P1N1","Normal","Normal","Normal","Normal","Fibroblast","15","round2_res_0.8"
"PRJNA662018_PRJNA662018_P1N1_GTCATTTGTCTCTCGT-1","PRJNA662018_PRJNA662018_P1N1","PRJNA662018","PRJNA662018_PRJNA662018_P1N1","Normal","Normal","Normal","Normal","Fibroblast","15","round2_res_0.8"
"PRJNA662018_PRJNA662018_P1N1_GTCCTCAAGTATGACA-1","PRJNA662018_PRJNA662018_P1N1","PRJNA662018","PRJNA662018_PRJNA662018_P1N1","Normal","Normal","Normal","Normal","Fibroblast","15","round2_res_0.8"
"PRJNA662018_PRJNA662018_P1N1_GTTACAGGTCGAACAG-1","PRJNA662018_PRJNA662018_P1N1","PRJNA662018","PRJNA662018_PRJNA662018_P1N1","Normal","Normal","Normal","Normal","Fibroblast","15","round2_res_0.8"
"PRJNA662018_PRJNA662018_P1N1_GTTTCTAAGGACATTA-1","PRJNA662018_PRJNA662018_P1N1","PRJNA662018","PRJNA662018_PRJNA662018_P1N1","Normal","Normal","Normal","Normal","Fibroblast","15","round2_res_0.8"
"PRJNA662018_PRJNA662018_P1N1_TAAGCGTGTGCAACGA-1","PRJNA662018_PRJNA662018_P1N1","PRJNA662018","PRJNA662018_PRJNA662018_P1N1","Normal","Normal","Normal","Normal","Fibroblast","15","round2_res_0.8"
"PRJNA662018_PRJNA662018_P1N1_TACAGTGAGGACACCA-1","PRJNA662018_PRJNA662018_P1N1","PRJNA662018","PRJNA662018_PRJNA662018_P1N1","Normal","Normal","Normal","Normal","Fibroblast","15","round2_res_0.8"
"PRJNA662018_PRJNA662018_P1N1_TACCTATTCAGCGACC-1","PRJNA662018_PRJNA662018_P1N1","PRJNA662018","PRJNA662018_PRJNA662018_P1N1","Normal","Normal","Normal","Normal","Fibroblast","15","round2_res_0.8"
"PRJNA662018_PRJNA662018_P1N1_TAGCCGGGTCAACTGT-1","PRJNA662018_PRJNA662018_P1N1","PRJNA662018","PRJNA662018_PRJNA662018_P1N1","Normal","Normal","Normal","Normal","Fibroblast","15","round2_res_0.8"
"PRJNA662018_PRJNA662018_P1N1_TAGTGGTAGGCAATTA-1","PRJNA662018_PRJNA662018_P1N1","PRJNA662018","PRJNA662018_PRJNA662018_P1N1","Normal","Normal","Normal","Normal","Fibroblast","15","round2_res_0.8"
"PRJNA662018_PRJNA662018_P1N1_TATGCCCTCGCAAACT-1","PRJNA662018_PRJNA662018_P1N1","PRJNA662018","PRJNA662018_PRJNA662018_P1N1","Normal","Normal","Normal","Normal","Fibroblast","15","round2_res_0.8"
"PRJNA662018_PRJNA662018_P1N1_TATTACCAGAAGGTTT-1","PRJNA662018_PRJNA662018_P1N1","PRJNA662018","PRJNA662018_PRJNA662018_P1N1","Normal","Normal","Normal","Normal","Fibroblast","15","round2_res_0.8"
"PRJNA662018_PRJNA662018_P1N1_TCAACGACAGGAATGC-1","PRJNA662018_PRJNA662018_P1N1","PRJNA662018","PRJNA662018_PRJNA662018_P1N1","Normal","Normal","Normal","Normal","Fibroblast","15","round2_res_0.8"
"PRJNA662018_PRJNA662018_P1N1_TCAACGATCTGTGCAA-1","PRJNA662018_PRJNA662018_P1N1","PRJNA662018","PRJNA662018_PRJNA662018_P1N1","Normal","Normal","Normal","Normal","Fibroblast","15","round2_res_0.8"
"PRJNA662018_PRJNA662018_P1N1_TCACGAACACCAGGTC-1","PRJNA662018_PRJNA662018_P1N1","PRJNA662018","PRJNA662018_PRJNA662018_P1N1","Normal","Normal","Normal","Normal","Fibroblast","15","round2_res_0.8"
"PRJNA662018_PRJNA662018_P1N1_TCATTACAGTAGATGT-1","PRJNA662018_PRJNA662018_P1N1","PRJNA662018","PRJNA662018_PRJNA662018_P1N1","Normal","Normal","Normal","Normal","Fibroblast","15","round2_res_0.8"
"PRJNA662018_PRJNA662018_P1N1_TCGCGTTCATACGCTA-1","PRJNA662018_PRJNA662018_P1N1","PRJNA662018","PRJNA662018_PRJNA662018_P1N1","Normal","Normal","Normal","Normal","Fibroblast","15","round2_res_0.8"
"PRJNA662018_PRJNA662018_P1N1_TCGTACCGTTGGACCC-1","PRJNA662018_PRJNA662018_P1N1","PRJNA662018","PRJNA662018_PRJNA662018_P1N1","Normal","Normal","Normal","Normal","Fibroblast","15","round2_res_0.8"
"PRJNA662018_PRJNA662018_P1N1_TCTATTGAGCGTTTAC-1","PRJNA662018_PRJNA662018_P1N1","PRJNA662018","PRJNA662018_PRJNA662018_P1N1","Normal","Normal","Normal","Normal","Fibroblast","15","round2_res_0.8"
"PRJNA662018_PRJNA662018_P1N1_TCTATTGTCGTGGTCG-1","PRJNA662018_PRJNA662018_P1N1","PRJNA662018","PRJNA662018_PRJNA662018_P1N1","Normal","Normal","Normal","Normal","Fibroblast","15","round2_res_0.8"
"PRJNA662018_PRJNA662018_P1N1_TGACAACGTTCCACTC-1","PRJNA662018_PRJNA662018_P1N1","PRJNA662018","PRJNA662018_PRJNA662018_P1N1","Normal","Normal","Normal","Normal","Fibroblast","15","round2_res_0.8"
"PRJNA662018_PRJNA662018_P1N1_TGACGGCCACCAGGCT-1","PRJNA662018_PRJNA662018_P1N1","PRJNA662018","PRJNA662018_PRJNA662018_P1N1","Normal","Normal","Normal","Normal","Fibroblast","15","round2_res_0.8"
"PRJNA662018_PRJNA662018_P1N1_TGACGGCTCGCTAGCG-1","PRJNA662018_PRJNA662018_P1N1","PRJNA662018","PRJNA662018_PRJNA662018_P1N1","Normal","Normal","Normal","Normal","Fibroblast","15","round2_res_0.8"
"PRJNA662018_PRJNA662018_P1N1_TGATTTCCAACCGCCA-1","PRJNA662018_PRJNA662018_P1N1","PRJNA662018","PRJNA662018_PRJNA662018_P1N1","Normal","Normal","Normal","Normal","Fibroblast","15","round2_res_0.8"
"PRJNA662018_PRJNA662018_P1N1_TGCGCAGCATGCCCGA-1","PRJNA662018_PRJNA662018_P1N1","PRJNA662018","PRJNA662018_PRJNA662018_P1N1","Normal","Normal","Normal","Normal","Fibroblast","15","round2_res_0.8"
"PRJNA662018_PRJNA662018_P1N1_TGCGTGGAGAGCTATA-1","PRJNA662018_PRJNA662018_P1N1","PRJNA662018","PRJNA662018_PRJNA662018_P1N1","Normal","Normal","Normal","Normal","Fibroblast","15","round2_res_0.8"
"PRJNA662018_PRJNA662018_P1N1_TGCTACCTCAGAGACG-1","PRJNA662018_PRJNA662018_P1N1","PRJNA662018","PRJNA662018_PRJNA662018_P1N1","Normal","Normal","Normal","Normal","Fibroblast","15","round2_res_0.8"
"PRJNA662018_PRJNA662018_P1N1_TGGGAAGGTAGCGTCC-1","PRJNA662018_PRJNA662018_P1N1","PRJNA662018","PRJNA662018_PRJNA662018_P1N1","Normal","Normal","Normal","Normal","Fibroblast","15","round2_res_0.8"
"PRJNA662018_PRJNA662018_P1N1_TGTGGTAAGGGTGTGT-1","PRJNA662018_PRJNA662018_P1N1","PRJNA662018","PRJNA662018_PRJNA662018_P1N1","Normal","Normal","Normal","Normal","Fibroblast","15","round2_res_0.8"
"PRJNA662018_PRJNA662018_P1N1_TTCGGTCGTGAAAGAG-1","PRJNA662018_PRJNA662018_P1N1","PRJNA662018","PRJNA662018_PRJNA662018_P1N1","Normal","Normal","Normal","Normal","Fibroblast","15","round2_res_0.8"
"PRJNA662018_PRJNA662018_P1N1_TTCTACACATGTCCTC-1","PRJNA662018_PRJNA662018_P1N1","PRJNA662018","PRJNA662018_PRJNA662018_P1N1","Normal","Normal","Normal","Normal","Fibroblast","15","round2_res_0.8"
"PRJNA662018_PRJNA662018_P1N1_TTCTACAGTCTTTCAT-1","PRJNA662018_PRJNA662018_P1N1","PRJNA662018","PRJNA662018_PRJNA662018_P1N1","Normal","Normal","Normal","Normal","Fibroblast","15","round2_res_0.8"
"PRJNA662018_PRJNA662018_P1N1_TTCTACATCTTGCCGT-1","PRJNA662018_PRJNA662018_P1N1","PRJNA662018","PRJNA662018_PRJNA662018_P1N1","Normal","Normal","Normal","Normal","Fibroblast","15","round2_res_0.8"
"PRJNA662018_PRJNA662018_P1N1_TTGAACGGTCCGAAGA-1","PRJNA662018_PRJNA662018_P1N1","PRJNA662018","PRJNA662018_PRJNA662018_P1N1","Normal","Normal","Normal","Normal","Fibroblast","15","round2_res_0.8"
"PRJNA662018_PRJNA662018_P2T2_GCGACCACAGCCTTTC-1","PRJNA662018_PRJNA662018_P2T2","PRJNA662018","PRJNA662018_PRJNA662018_P2T2","NMIBC",NA,NA,NA,"Fibroblast","15","round2_res_0.8"
"PRJNA662018_PRJNA662018_P2T2_TGGTTCCCATGGTCAT-1","PRJNA662018_PRJNA662018_P2T2","PRJNA662018","PRJNA662018_PRJNA662018_P2T2","NMIBC",NA,NA,NA,"Fibroblast","15","round2_res_0.8"
"PRJNA662018_PRJNA662018_P2T2_TGTATTCCAGCCAATT-1","PRJNA662018_PRJNA662018_P2T2","PRJNA662018","PRJNA662018_PRJNA662018_P2T2","NMIBC",NA,NA,NA,"Fibroblast","15","round2_res_0.8"
"PRJNA662018_PRJNA662018_P3N3_ATGGGAGCATCCGTGG-1","PRJNA662018_PRJNA662018_P3N3","PRJNA662018","PRJNA662018_PRJNA662018_P3N3","Normal","Normal","Normal","Normal","Fibroblast","15","round2_res_0.8"
"PRJNA662018_PRJNA662018_P3T3_AACTCTTCAATGCCAT-1","PRJNA662018_PRJNA662018_P3T3","PRJNA662018","PRJNA662018_PRJNA662018_P3T3","NMIBC",NA,NA,NA,"Fibroblast","15","round2_res_0.8"
"PRJNA662018_PRJNA662018_P3T3_ACGAGGAGTTGATTCG-1","PRJNA662018_PRJNA662018_P3T3","PRJNA662018","PRJNA662018_PRJNA662018_P3T3","NMIBC",NA,NA,NA,"Fibroblast","15","round2_res_0.8"
"PRJNA662018_PRJNA662018_P3T3_ACGATGTCATGGAATA-1","PRJNA662018_PRJNA662018_P3T3","PRJNA662018","PRJNA662018_PRJNA662018_P3T3","NMIBC",NA,NA,NA,"Fibroblast","15","round2_res_0.8"
"PRJNA662018_PRJNA662018_P3T3_ACGTCAAAGTGTTTGC-1","PRJNA662018_PRJNA662018_P3T3","PRJNA662018","PRJNA662018_PRJNA662018_P3T3","NMIBC",NA,NA,NA,"Fibroblast","15","round2_res_0.8"
"PRJNA662018_PRJNA662018_P3T3_ACTTTCACAGTCTTCC-1","PRJNA662018_PRJNA662018_P3T3","PRJNA662018","PRJNA662018_PRJNA662018_P3T3","NMIBC",NA,NA,NA,"Fibroblast","15","round2_res_0.8"
"PRJNA662018_PRJNA662018_P3T3_AGCGTATGTAGCGCTC-1","PRJNA662018_PRJNA662018_P3T3","PRJNA662018","PRJNA662018_PRJNA662018_P3T3","NMIBC",NA,NA,NA,"Fibroblast","15","round2_res_0.8"
"PRJNA662018_PRJNA662018_P3T3_CAACTAGCAGTTAACC-1","PRJNA662018_PRJNA662018_P3T3","PRJNA662018","PRJNA662018_PRJNA662018_P3T3","NMIBC",NA,NA,NA,"Fibroblast","15","round2_res_0.8"
"PRJNA662018_PRJNA662018_P3T3_CACCAGGTCACCACCT-1","PRJNA662018_PRJNA662018_P3T3","PRJNA662018","PRJNA662018_PRJNA662018_P3T3","NMIBC",NA,NA,NA,"Fibroblast","15","round2_res_0.8"
"PRJNA662018_PRJNA662018_P3T3_CAGCTAATCACAATGC-1","PRJNA662018_PRJNA662018_P3T3","PRJNA662018","PRJNA662018_PRJNA662018_P3T3","NMIBC",NA,NA,NA,"Fibroblast","15","round2_res_0.8"
"PRJNA662018_PRJNA662018_P3T3_CATATGGTCTGTCCGT-1","PRJNA662018_PRJNA662018_P3T3","PRJNA662018","PRJNA662018_PRJNA662018_P3T3","NMIBC",NA,NA,NA,"Fibroblast","15","round2_res_0.8"
"PRJNA662018_PRJNA662018_P3T3_CATTATCCAAGCCATT-1","PRJNA662018_PRJNA662018_P3T3","PRJNA662018","PRJNA662018_PRJNA662018_P3T3","NMIBC",NA,NA,NA,"Fibroblast","15","round2_res_0.8"
"PRJNA662018_PRJNA662018_P3T3_CGACCTTGTTTGCATG-1","PRJNA662018_PRJNA662018_P3T3","PRJNA662018","PRJNA662018_PRJNA662018_P3T3","NMIBC",NA,NA,NA,"Fibroblast","15","round2_res_0.8"
"PRJNA662018_PRJNA662018_P3T3_CGAGCACAGATCTGCT-1","PRJNA662018_PRJNA662018_P3T3","PRJNA662018","PRJNA662018_PRJNA662018_P3T3","NMIBC",NA,NA,NA,"Fibroblast","15","round2_res_0.8"
"PRJNA662018_PRJNA662018_P3T3_CTGCTGTTCGGGAGTA-1","PRJNA662018_PRJNA662018_P3T3","PRJNA662018","PRJNA662018_PRJNA662018_P3T3","NMIBC",NA,NA,NA,"Fibroblast","15","round2_res_0.8"
"PRJNA662018_PRJNA662018_P3T3_GAACATCTCCGGCACA-1","PRJNA662018_PRJNA662018_P3T3","PRJNA662018","PRJNA662018_PRJNA662018_P3T3","NMIBC",NA,NA,NA,"Fibroblast","15","round2_res_0.8"
"PRJNA662018_PRJNA662018_P3T3_GCACATAGTTCCCTTG-1","PRJNA662018_PRJNA662018_P3T3","PRJNA662018","PRJNA662018_PRJNA662018_P3T3","NMIBC",NA,NA,NA,"Fibroblast","15","round2_res_0.8"
"PRJNA662018_PRJNA662018_P3T3_GCTGCGATCAAGATCC-1","PRJNA662018_PRJNA662018_P3T3","PRJNA662018","PRJNA662018_PRJNA662018_P3T3","NMIBC",NA,NA,NA,"Fibroblast","15","round2_res_0.8"
"PRJNA662018_PRJNA662018_P3T3_GGGATGATCACAGTAC-1","PRJNA662018_PRJNA662018_P3T3","PRJNA662018","PRJNA662018_PRJNA662018_P3T3","NMIBC",NA,NA,NA,"Fibroblast","15","round2_res_0.8"
"PRJNA662018_PRJNA662018_P3T3_GTAGGCCTCGCCGTGA-1","PRJNA662018_PRJNA662018_P3T3","PRJNA662018","PRJNA662018_PRJNA662018_P3T3","NMIBC",NA,NA,NA,"Fibroblast","15","round2_res_0.8"
"PRJNA662018_PRJNA662018_P3T3_GTCAAGTAGCAGCCTC-1","PRJNA662018_PRJNA662018_P3T3","PRJNA662018","PRJNA662018_PRJNA662018_P3T3","NMIBC",NA,NA,NA,"Fibroblast","15","round2_res_0.8"
"PRJNA662018_PRJNA662018_P3T3_GTTCGGGAGCACACAG-1","PRJNA662018_PRJNA662018_P3T3","PRJNA662018","PRJNA662018_PRJNA662018_P3T3","NMIBC",NA,NA,NA,"Fibroblast","15","round2_res_0.8"
"PRJNA662018_PRJNA662018_P3T3_TAGAGCTTCTTCTGGC-1","PRJNA662018_PRJNA662018_P3T3","PRJNA662018","PRJNA662018_PRJNA662018_P3T3","NMIBC",NA,NA,NA,"Fibroblast","15","round2_res_0.8"
"PRJNA662018_PRJNA662018_P3T3_TCAACGAGTGTTCGAT-1","PRJNA662018_PRJNA662018_P3T3","PRJNA662018","PRJNA662018_PRJNA662018_P3T3","NMIBC",NA,NA,NA,"Fibroblast","15","round2_res_0.8"
"PRJNA662018_PRJNA662018_P3T3_TCAATCTGTTCGCGAC-1","PRJNA662018_PRJNA662018_P3T3","PRJNA662018","PRJNA662018_PRJNA662018_P3T3","NMIBC",NA,NA,NA,"Fibroblast","15","round2_res_0.8"
"PRJNA662018_PRJNA662018_P3T3_TCTATTGTCCAGGGCT-1","PRJNA662018_PRJNA662018_P3T3","PRJNA662018","PRJNA662018_PRJNA662018_P3T3","NMIBC",NA,NA,NA,"Fibroblast","15","round2_res_0.8"
"PRJNA662018_PRJNA662018_P3T3_TCTCATAAGGCCCTTG-1","PRJNA662018_PRJNA662018_P3T3","PRJNA662018","PRJNA662018_PRJNA662018_P3T3","NMIBC",NA,NA,NA,"Fibroblast","15","round2_res_0.8"
"PRJNA662018_PRJNA662018_P3T3_TGGGCGTTCGGTGTCG-1","PRJNA662018_PRJNA662018_P3T3","PRJNA662018","PRJNA662018_PRJNA662018_P3T3","NMIBC",NA,NA,NA,"Fibroblast","15","round2_res_0.8"
"PRJNA662018_PRJNA662018_P3T3_TGTATTCTCTAGCACA-1","PRJNA662018_PRJNA662018_P3T3","PRJNA662018","PRJNA662018_PRJNA662018_P3T3","NMIBC",NA,NA,NA,"Fibroblast","15","round2_res_0.8"
"PRJNA662018_PRJNA662018_P3T3_TGTGGTACATGGAATA-1","PRJNA662018_PRJNA662018_P3T3","PRJNA662018","PRJNA662018_PRJNA662018_P3T3","NMIBC",NA,NA,NA,"Fibroblast","15","round2_res_0.8"
"PRJNA662018_PRJNA662018_P3T3_TTTGCGCGTGAGTGAC-1","PRJNA662018_PRJNA662018_P3T3","PRJNA662018","PRJNA662018_PRJNA662018_P3T3","NMIBC",NA,NA,NA,"Fibroblast","15","round2_res_0.8"
"PRJNA662018_PRJNA662018_P6N2_AAACCTGGTCTACCTC-1","PRJNA662018_PRJNA662018_P6N2","PRJNA662018","PRJNA662018_PRJNA662018_P6N2","Normal","Normal","Normal","Normal","Fibroblast","15","round2_res_0.8"
"PRJNA662018_PRJNA662018_P6N2_AAACGGGGTAGGCTGA-1","PRJNA662018_PRJNA662018_P6N2","PRJNA662018","PRJNA662018_PRJNA662018_P6N2","Normal","Normal","Normal","Normal","Fibroblast","15","round2_res_0.8"
"PRJNA662018_PRJNA662018_P6N2_AAAGATGTCGCTTGTC-1","PRJNA662018_PRJNA662018_P6N2","PRJNA662018","PRJNA662018_PRJNA662018_P6N2","Normal","Normal","Normal","Normal","Fibroblast","15","round2_res_0.8"
"PRJNA662018_PRJNA662018_P6N2_AGGTCCGGTGGTTTCA-1","PRJNA662018_PRJNA662018_P6N2","PRJNA662018","PRJNA662018_PRJNA662018_P6N2","Normal","Normal","Normal","Normal","Fibroblast","15","round2_res_0.8"
"PRJNA662018_PRJNA662018_P6N2_CAAGTTGGTGAACCTT-1","PRJNA662018_PRJNA662018_P6N2","PRJNA662018","PRJNA662018_PRJNA662018_P6N2","Normal","Normal","Normal","Normal","Fibroblast","15","round2_res_0.8"
"PRJNA662018_PRJNA662018_P6N2_CACATAGGTGTTAAGA-1","PRJNA662018_PRJNA662018_P6N2","PRJNA662018","PRJNA662018_PRJNA662018_P6N2","Normal","Normal","Normal","Normal","Fibroblast","15","round2_res_0.8"
"PRJNA662018_PRJNA662018_P6N2_CAGCTGGCATGCCCGA-1","PRJNA662018_PRJNA662018_P6N2","PRJNA662018","PRJNA662018_PRJNA662018_P6N2","Normal","Normal","Normal","Normal","Fibroblast","15","round2_res_0.8"
"PRJNA662018_PRJNA662018_P6N2_CAGTAACGTATATGGA-1","PRJNA662018_PRJNA662018_P6N2","PRJNA662018","PRJNA662018_PRJNA662018_P6N2","Normal","Normal","Normal","Normal","Fibroblast","15","round2_res_0.8"
"PRJNA662018_PRJNA662018_P6N2_CATTCGCCAGCGTTCG-1","PRJNA662018_PRJNA662018_P6N2","PRJNA662018","PRJNA662018_PRJNA662018_P6N2","Normal","Normal","Normal","Normal","Fibroblast","15","round2_res_0.8"
"PRJNA662018_PRJNA662018_P6N2_CCATTCGCACAACGCC-1","PRJNA662018_PRJNA662018_P6N2","PRJNA662018","PRJNA662018_PRJNA662018_P6N2","Normal","Normal","Normal","Normal","Fibroblast","15","round2_res_0.8"
"PRJNA662018_PRJNA662018_P6N2_CGGCTAGCAAGGACTG-1","PRJNA662018_PRJNA662018_P6N2","PRJNA662018","PRJNA662018_PRJNA662018_P6N2","Normal","Normal","Normal","Normal","Fibroblast","15","round2_res_0.8"
"PRJNA662018_PRJNA662018_P6N2_CGTCAGGGTAGTAGTA-1","PRJNA662018_PRJNA662018_P6N2","PRJNA662018","PRJNA662018_PRJNA662018_P6N2","Normal","Normal","Normal","Normal","Fibroblast","15","round2_res_0.8"
"PRJNA662018_PRJNA662018_P6N2_CGTGTAAGTACGAAAT-1","PRJNA662018_PRJNA662018_P6N2","PRJNA662018","PRJNA662018_PRJNA662018_P6N2","Normal","Normal","Normal","Normal","Fibroblast","15","round2_res_0.8"
"PRJNA662018_PRJNA662018_P6N2_CGTTGGGAGTGAACAT-1","PRJNA662018_PRJNA662018_P6N2","PRJNA662018","PRJNA662018_PRJNA662018_P6N2","Normal","Normal","Normal","Normal","Fibroblast","15","round2_res_0.8"
"PRJNA662018_PRJNA662018_P6N2_CTGATCCTCATGGTCA-1","PRJNA662018_PRJNA662018_P6N2","PRJNA662018","PRJNA662018_PRJNA662018_P6N2","Normal","Normal","Normal","Normal","Fibroblast","15","round2_res_0.8"
"PRJNA662018_PRJNA662018_P6N2_CTGCCTACAAACGCGA-1","PRJNA662018_PRJNA662018_P6N2","PRJNA662018","PRJNA662018_PRJNA662018_P6N2","Normal","Normal","Normal","Normal","Fibroblast","15","round2_res_0.8"
"PRJNA662018_PRJNA662018_P6N2_GATTCAGAGCCCTAAT-1","PRJNA662018_PRJNA662018_P6N2","PRJNA662018","PRJNA662018_PRJNA662018_P6N2","Normal","Normal","Normal","Normal","Fibroblast","15","round2_res_0.8"
"PRJNA662018_PRJNA662018_P6N2_GCAAACTGTTCCCTTG-1","PRJNA662018_PRJNA662018_P6N2","PRJNA662018","PRJNA662018_PRJNA662018_P6N2","Normal","Normal","Normal","Normal","Fibroblast","15","round2_res_0.8"
"PRJNA662018_PRJNA662018_P6N2_GCTGCGAGTAAGGGCT-1","PRJNA662018_PRJNA662018_P6N2","PRJNA662018","PRJNA662018_PRJNA662018_P6N2","Normal","Normal","Normal","Normal","Fibroblast","15","round2_res_0.8"
"PRJNA662018_PRJNA662018_P6N2_GCTGGGTTCCACGTTC-1","PRJNA662018_PRJNA662018_P6N2","PRJNA662018","PRJNA662018_PRJNA662018_P6N2","Normal","Normal","Normal","Normal","Fibroblast","15","round2_res_0.8"
"PRJNA662018_PRJNA662018_P6N2_GCTTGAAAGGAGTCTG-1","PRJNA662018_PRJNA662018_P6N2","PRJNA662018","PRJNA662018_PRJNA662018_P6N2","Normal","Normal","Normal","Normal","Fibroblast","15","round2_res_0.8"
"PRJNA662018_PRJNA662018_P6N2_GGAATAACACCGCTAG-1","PRJNA662018_PRJNA662018_P6N2","PRJNA662018","PRJNA662018_PRJNA662018_P6N2","Normal","Normal","Normal","Normal","Fibroblast","15","round2_res_0.8"
"PRJNA662018_PRJNA662018_P6N2_GGCAATTCACCCATGG-1","PRJNA662018_PRJNA662018_P6N2","PRJNA662018","PRJNA662018_PRJNA662018_P6N2","Normal","Normal","Normal","Normal","Fibroblast","15","round2_res_0.8"
"PRJNA662018_PRJNA662018_P6N2_GGGAATGGTCTAGCCG-1","PRJNA662018_PRJNA662018_P6N2","PRJNA662018","PRJNA662018_PRJNA662018_P6N2","Normal","Normal","Normal","Normal","Fibroblast","15","round2_res_0.8"
"PRJNA662018_PRJNA662018_P6N2_GTAACTGCACATTTCT-1","PRJNA662018_PRJNA662018_P6N2","PRJNA662018","PRJNA662018_PRJNA662018_P6N2","Normal","Normal","Normal","Normal","Fibroblast","15","round2_res_0.8"
"PRJNA662018_PRJNA662018_P6N2_GTCACGGTCTGACCTC-1","PRJNA662018_PRJNA662018_P6N2","PRJNA662018","PRJNA662018_PRJNA662018_P6N2","Normal","Normal","Normal","Normal","Fibroblast","15","round2_res_0.8"
"PRJNA662018_PRJNA662018_P6N2_TCAACGACATGTTCCC-1","PRJNA662018_PRJNA662018_P6N2","PRJNA662018","PRJNA662018_PRJNA662018_P6N2","Normal","Normal","Normal","Normal","Fibroblast","15","round2_res_0.8"
"PRJNA662018_PRJNA662018_P6N2_TGGGCGTGTCTGCAAT-1","PRJNA662018_PRJNA662018_P6N2","PRJNA662018","PRJNA662018_PRJNA662018_P6N2","Normal","Normal","Normal","Normal","Fibroblast","15","round2_res_0.8"
"PRJNA662018_PRJNA662018_P6N2_TGTTCCGAGTACTTGC-1","PRJNA662018_PRJNA662018_P6N2","PRJNA662018","PRJNA662018_PRJNA662018_P6N2","Normal","Normal","Normal","Normal","Fibroblast","15","round2_res_0.8"
"PRJNA662018_PRJNA662018_P6N2_TTATGCTTCGAATGGG-1","PRJNA662018_PRJNA662018_P6N2","PRJNA662018","PRJNA662018_PRJNA662018_P6N2","Normal","Normal","Normal","Normal","Fibroblast","15","round2_res_0.8"
"PRJNA662018_PRJNA662018_P6N2_TTCGGTCGTAGCGCAA-1","PRJNA662018_PRJNA662018_P6N2","PRJNA662018","PRJNA662018_PRJNA662018_P6N2","Normal","Normal","Normal","Normal","Fibroblast","15","round2_res_0.8"
"PRJNA662018_PRJNA662018_P6N2_TTGGCAACAGCGATCC-1","PRJNA662018_PRJNA662018_P6N2","PRJNA662018","PRJNA662018_PRJNA662018_P6N2","Normal","Normal","Normal","Normal","Fibroblast","15","round2_res_0.8"
"PRJNA662018_PRJNA662018_P6N2_TTTGTCAAGTTGCAGG-1","PRJNA662018_PRJNA662018_P6N2","PRJNA662018","PRJNA662018_PRJNA662018_P6N2","Normal","Normal","Normal","Normal","Fibroblast","15","round2_res_0.8"
